FlashId,I,V,,,Irradiance,R_s,R_sh
1601,7.758752859,0,,,1000,0.46487647,8.076230798
1601,7.753752328,0.450320791,,,800,0.636240047,10.04071384
1601,7.754732752,0.506320785,,,600,0.657907416,13.25870877
1601,7.754732752,0.598320793,,,400,0.91790415,19.48349141
1601,7.754732752,0.715320777,,,200,1.761093091,67.72374081
1601,7.754732752,0.836320769,,,,,
1601,7.753752328,0.954320799,,,,,
1601,7.752771905,1.05232073,,,,,
1601,7.753752328,1.164320718,,,,,
1601,7.750811057,1.281320821,,,,,
1601,7.752771905,1.378320824,,,,,
1601,7.750811057,1.473320733,,,,,
1601,7.750811057,1.563320767,,,,,
1601,7.748849743,1.647320758,,,,,
1601,7.748849743,1.711320769,,,,,
1601,7.748849743,1.7783208,,,,,
1601,7.746888895,1.851320754,,,,,
1601,7.748849743,1.951320778,,,,,
1601,7.746888895,2.149320733,,,,,
1601,7.745908472,2.260320794,,,,,
1601,7.745908472,2.369320761,,,,,
1601,7.744928048,2.483320843,,,,,
1601,7.744928048,2.600320708,,,,,
1601,7.741986309,2.727320801,,,,,
1601,7.741986309,2.84932078,,,,,
1601,7.741986309,2.978320729,,,,,
1601,7.741005886,3.08232082,,,,,
1601,7.740025462,3.18032087,,,,,
1601,7.738064615,3.284320723,,,,,
1601,7.739264313,3.374320876,,,,,
1601,7.738064615,3.466320883,,,,,
1601,7.737083724,3.560320746,,,,,
1601,7.738064615,3.645320784,,,,,
1601,7.737083724,3.769320856,,,,,
1601,7.737083724,3.883320938,,,,,
1601,7.734142452,3.996320855,,,,,
1601,7.734142452,4.077320706,,,,,
1601,7.733162029,4.176320683,,,,,
1601,7.733162029,4.254320752,,,,,
1601,7.733162029,4.335320603,,,,,
1601,7.732554699,4.406320702,,,,,
1601,7.73022029,4.496320855,,,,,
1601,7.731253546,4.588320862,,,,,
1601,7.729239867,4.732320916,,,,,
1601,7.73022029,4.838320862,,,,,
1601,7.729239867,4.975320946,,,,,
1601,7.726298596,5.104320656,,,,,
1601,7.726298596,5.161320816,,,,,
1601,7.726298596,5.231320988,,,,,
1601,7.725318172,5.327320706,,,,,
1601,7.725318172,5.440320622,,,,,
1601,7.725318172,5.569320809,,,,,
1601,7.722376433,5.729320656,,,,,
1601,7.72139601,5.815320622,,,,,
1601,7.721934612,5.890320908,,,,,
1601,7.72139601,5.975320946,,,,,
1601,7.722376433,6.067320954,,,,,
1601,7.72139601,6.244321,,,,,
1601,7.720264104,6.314320694,,,,,
1601,7.718454739,6.382320534,,,,,
1601,7.718245283,6.422320973,,,,,
1601,7.717473848,6.482320916,,,,,
1601,7.71675805,6.586321007,,,,,
1601,7.714836008,6.668320786,,,,,
1601,7.713552153,6.708320748,,,,,
1601,7.714333874,6.778320919,,,,,
1601,7.714334341,6.853320729,,,,,
1601,7.713552153,6.925320755,,,,,
1601,7.713359995,6.99132074,,,,,
1601,7.712571729,7.056320797,,,,,
1601,7.712504404,7.115320813,,,,,
1601,7.711843308,7.174320828,,,,,
1601,7.710449582,7.244321,,,,,
1601,7.708649567,7.304320942,,,,,
1601,7.708649567,7.359320771,,,,,
1601,7.708357357,7.418320786,,,,,
1601,7.707669143,7.473320614,,,,,
1601,7.707741612,7.520320546,,,,,
1601,7.707543844,7.564320694,,,,,
1601,7.706844877,7.61632074,,,,,
1601,7.705708296,7.672320973,,,,,
1601,7.704727405,7.724320542,,,,,
1601,7.70372641,7.773320805,,,,,
1601,7.701786134,7.843320977,,,,,
1601,7.701169454,7.895321022,,,,,
1601,7.700382122,7.937320839,,,,,
1601,7.699825287,7.961321007,,,,,
1601,7.699901495,7.999321114,,,,,
1601,7.699758896,8.031320702,,,,,
1601,7.699501284,8.062320839,,,,,
1601,7.698933695,8.087320458,,,,,
1601,7.69781488,8.129321228,,,,,
1601,7.696883548,8.155320298,,,,,
1601,7.696840067,8.190321099,,,,,
1601,7.696724586,8.214320313,,,,,
1601,7.695032572,8.326320778,,,,,
1601,7.693942277,8.371320855,,,,,
1601,7.693605651,8.42632116,,,,,
1601,7.69294736,8.479320656,,,,,
1601,7.691980962,8.531320702,,,,,
1601,7.691965066,8.580320488,,,,,
1601,7.691696233,8.626320969,,,,,
1601,7.690796693,8.671321045,,,,,
1601,7.689781671,8.712320458,,,,,
1601,7.688059267,8.760320794,,,,,
1601,7.688142957,8.804320465,,,,,
1601,7.687924617,8.861320626,,,,,
1601,7.687190117,8.920320641,,,,,
1601,7.68609842,8.978321206,,,,,
1601,7.68567343,9.040320527,,,,,
1601,7.685117529,9.084321152,,,,,
1601,7.684545732,9.131321083,,,,,
1601,7.683835077,9.1733209,,,,,
1601,7.682958914,9.201320778,,,,,
1601,7.681195834,9.251320969,,,,,
1601,7.681195834,9.297320496,,,,,
1601,7.681175263,9.358320366,,,,,
1601,7.680630583,9.431320321,,,,,
1601,7.679421534,9.496320855,,,,,
1601,7.678254096,9.54432119,,,,,
1601,7.677273672,9.597320687,,,,,
1601,7.676782759,9.639320504,,,,,
1601,7.676005714,9.675320755,,,,,
1601,7.675312825,9.703320633,,,,,
1601,7.675254383,9.753320824,,,,,
1601,7.674656871,9.827321183,,,,,
1601,7.673351977,9.904320847,,,,,
1601,7.673322523,9.963320863,,,,,
1601,7.672967195,10.01832117,,,,,
1601,7.672371086,10.06932081,,,,,
1601,7.672141526,10.09432043,,,,,
1601,7.671390663,10.15132059,,,,,
1601,7.671236376,10.19632066,,,,,
1601,7.669574751,10.33032049,,,,,
1601,7.668449392,10.38332094,,,,,
1601,7.66775136,10.4403211,,,,,
1601,7.666761118,10.49132074,,,,,
1601,7.665507653,10.54232038,,,,,
1601,7.665370665,10.60032095,,,,,
1601,7.664671231,10.67432035,,,,,
1601,7.663546806,10.744321,,,,,
1601,7.6636693,10.81632055,,,,,
1601,7.663233089,10.89732088,,,,,
1601,7.662097443,10.96732057,,,,,
1601,7.660605535,11.03432096,,,,,
1601,7.660290415,11.09332098,,,,,
1601,7.659624643,11.1553203,,,,,
1601,7.658863494,11.20532049,,,,,
1601,7.657663796,11.26532091,,,,,
1601,7.657659588,11.33032049,,,,,
1601,7.657398236,11.38032068,,,,,
1601,7.656680567,11.44932092,,,,,
1601,7.655702949,11.51032079,,,,,
1601,7.655410739,11.55932058,,,,,
1601,7.654693538,11.61432088,,,,,
1601,7.653742101,11.66832079,,,,,
1601,7.65276121,11.72432054,,,,,
1601,7.652298349,11.77232088,,,,,
1601,7.651780787,11.81132043,,,,,
1601,7.650928935,11.86732114,,,,,
1601,7.649819939,11.9233209,,,,,
1601,7.648941439,11.96232046,,,,,
1601,7.647859092,12.00432123,,,,,
1601,7.647912859,12.04132093,,,,,
1601,7.647683766,12.08932031,,,,,
1601,7.646872123,12.12732042,,,,,
1601,7.645897777,12.16632093,,,,,
1601,7.645795854,12.20332063,,,,,
1601,7.645211434,12.27932085,,,,,
1601,7.644917353,12.30432047,,,,,
1601,7.64309817,12.4063207,,,,,
1601,7.64209998,12.44132055,,,,,
1601,7.640995659,12.4763204,,,,,
1601,7.640553837,12.5143205,,,,,
1601,7.640014768,12.55132116,,,,,
1601,7.639620634,12.58032049,,,,,
1601,7.638948317,12.61532034,,,,,
1601,7.637735528,12.65232099,,,,,
1601,7.636093073,12.69732107,,,,,
1601,7.635431509,12.7273208,,,,,
1601,7.634419293,12.75432123,,,,,
1601,7.633151334,12.78632082,,,,,
1601,7.632767955,12.80832113,,,,,
1601,7.631841298,12.83832086,,,,,
1601,7.630882848,12.86732114,,,,,
1601,7.62922964,12.90232099,,,,,
1601,7.627719965,12.94732107,,,,,
1601,7.626780684,12.97332109,,,,,
1601,7.624865188,13.00732053,,,,,
1601,7.62334663,13.03332056,,,,,
1601,7.622203504,13.06432069,,,,,
1601,7.621112274,13.09232057,,,,,
1601,7.619104673,13.13132108,,,,,
1601,7.613541458,13.23032106,,,,,
1601,7.609731505,13.29332079,,,,,
1601,7.604717178,13.37032045,,,,,
1601,7.599719215,13.45932115,,,,,
1601,7.592951159,13.56732095,,,,,
1601,7.583686459,13.70632089,,,,,
1601,7.571321994,13.86732114,,,,,
1601,7.554071773,14.05732072,,,,,
1601,7.539816123,14.19832052,,,,,
1601,7.528238522,14.30332101,,,,,
1601,7.515470572,14.42532076,,,,,
1601,7.497073953,14.5853206,,,,,
1601,7.48313576,14.69932092,,,,,
1601,7.474173556,14.77532114,,,,,
1601,7.46012596,14.8893205,,,,,
1601,7.443354965,15.0143205,,,,,
1601,7.429047886,15.11632074,,,,,
1601,7.417442699,15.19432081,,,,,
1601,7.403793444,15.2813207,,,,,
1601,7.387011228,15.38332094,,,,,
1601,7.371409541,15.47132124,,,,,
1601,7.361863384,15.52232088,,,,,
1601,7.348246389,15.59132112,,,,,
1601,7.331505783,15.6723205,,,,,
1601,7.316117293,15.74532045,,,,,
1601,7.305808584,15.79032053,,,,,
1601,7.292503436,15.84532083,,,,,
1601,7.274640275,15.91631998,,,,,
1601,7.259953089,15.97232164,,,,,
1601,7.248797673,16.01432146,,,,,
1601,7.237263084,16.05632127,,,,,
1601,7.220347152,16.11732019,,,,,
1601,7.204531801,16.17331995,,,,,
1601,7.194574213,16.20732034,,,,,
1601,7.1817366,16.24932016,,,,,
1601,7.164946436,16.30232156,,,,,
1601,7.148692536,16.35132135,,,,,
1601,7.138656869,16.38032068,,,,,
1601,7.126413028,16.41432108,,,,,
1601,7.111528074,16.45532144,,,,,
1601,7.094696766,16.50132097,,,,,
1601,7.084433409,16.52932085,,,,,
1601,7.071501822,16.56231989,,,,,
1601,7.054627501,16.60532106,,,,,
1601,7.038971579,16.64432062,,,,,
1601,7.029140226,16.66832079,,,,,
1601,7.016127287,16.69932092,,,,,
1601,6.999150576,16.73832048,,,,,
1601,6.983396005,16.77432169,,,,,
1601,6.972965269,16.79632105,,,,,
1601,6.960158982,16.82332147,,,,,
1601,6.94170018,16.86032022,,,,,
1601,6.925234486,16.89332117,,,,,
1601,6.903034459,16.93932069,,,,,
1601,6.886961963,16.97132028,,,,,
1601,6.871304171,17.00232042,,,,,
1601,6.848738531,17.04432024,,,,,
1601,6.832620684,17.07432092,,,,,
1601,6.816204081,17.10332025,,,,,
1601,6.79443372,17.14132036,,,,,
1601,6.77753836,17.17032159,,,,,
1601,6.760078216,17.19932092,,,,,
1601,6.737627122,17.23632158,,,,,
1601,6.720476487,17.2633201,,,,,
1601,6.704909397,17.28732027,,,,,
1601,6.680985564,17.32332147,,,,,
1601,6.664979458,17.34732164,,,,,
1601,6.648734908,17.3713199,,,,,
1601,6.625913058,17.4053203,,,,,
1601,6.609082685,17.42932047,,,,,
1601,6.593531492,17.45131982,,,,,
1601,6.569737166,17.48332132,,,,,
1601,6.536304579,17.5283214,,,,,
1601,6.513428027,17.55832018,,,,,
1601,6.496174066,17.58032144,,,,,
1601,6.469490366,17.61431993,,,,,
1601,6.43803312,17.6533214,,,,,
1601,6.411080118,17.68632043,,,,,
1601,6.37654508,17.72531999,,,,,
1601,6.350188655,17.75331987,,,,,
1601,6.313520717,17.78832162,,,,,
1601,6.233004884,17.86532129,,,,,
1601,6.170513512,17.92832101,,,,,
1601,6.103844235,17.99332155,,,,,
1601,6.021958989,18.07232011,,,,,
1601,5.915849283,18.17132105,,,,,
1601,5.815180297,18.2633201,,,,,
1601,5.750990833,18.31931985,,,,,
1601,5.667241987,18.38932146,,,,,
1601,5.566401415,18.47232164,,,,,
1601,5.461106625,18.55632127,,,,,
1601,5.400708881,18.6023208,,,,,
1601,5.319337457,18.66332162,,,,,
1601,5.214115135,18.73931993,,,,,
1601,5.110633451,18.81432069,,,,,
1601,5.045933904,18.85832132,,,,,
1601,4.969720809,18.91032137,,,,,
1601,4.861859244,18.98032106,,,,,
1601,4.75605297,19.0493213,,,,,
1601,4.691530152,19.08932031,,,,,
1601,4.612565605,19.13732065,,,,,
1601,4.506240833,19.20032037,,,,,
1601,4.395875611,19.26532091,,,,,
1601,4.334145855,19.30032076,,,,,
1601,4.260249402,19.34232057,,,,,
1601,4.154608168,19.40132059,,,,,
1601,4.045132668,19.46232141,,,,,
1601,3.98105775,19.49732126,,,,,
1601,3.902415803,19.53932108,,,,,
1601,3.799516436,19.59432138,,,,,
1601,3.688407832,19.65232004,,,,,
1601,3.631119203,19.68232072,,,,,
1601,3.54466379,19.72632135,,,,,
1601,3.444698212,19.77632059,,,,,
1601,3.329688953,19.8333217,,,,,
1601,3.269687913,19.86232103,,,,,
1601,3.197393239,19.89732088,,,,,
1601,3.087507943,19.95032037,,,,,
1601,2.97916692,20.00232042,,,,,
1601,2.919792145,20.0303203,,,,,
1601,2.839860266,20.06732095,,,,,
1601,2.736432816,20.11532129,,,,,
1601,2.624562595,20.16631998,,,,,
1601,2.569276425,20.1913215,,,,,
1601,2.485197732,20.22932161,,,,,
1601,2.377839003,20.27732004,,,,,
1601,2.273807963,20.32332147,,,,,
1601,2.207336221,20.3523208,,,,,
1601,2.12850609,20.3863212,,,,,
1601,2.026682524,20.43031992,,,,,
1601,1.91461699,20.47832025,,,,,
1601,1.856412224,20.50331987,,,,,
1601,1.773663906,20.53732027,,,,,
1601,1.671743559,20.57932008,,,,,
1601,1.563233522,20.62532152,,,,,
1601,1.504421193,20.65032114,,,,,
1601,1.428207746,20.68132127,,,,,
1601,1.324816414,20.72332109,,,,,
1601,1.214823936,20.76732172,,,,,
1601,1.076415769,20.82232011,,,,,
1601,0.975864778,20.86232103,,,,,
1601,0.862747521,20.90632166,,,,,
1601,0.734661212,20.95632089,,,,,
1601,0.624920151,20.99832071,,,,,
1601,0.532355732,21.03332056,,,,,
1601,0.402597864,21.08232034,,,,,
1601,0.308618359,21.11732019,,,,,
1601,0.222804624,21.14932169,,,,,
1601,0.116760132,21.18832124,,,,,
1601,0.013726927,21.22632135,,,,,
1601,0,21.28159386,,,,,
1601,0.013726927,21.22632135,,,,,
1601,0,21.28159386,,,,,
1602,6.204654545,0,,,,,
1602,6.199225494,0.417662676,,,,,
1602,6.201199627,0.548662658,,,,,
1602,6.201199627,0.716662641,,,,,
1602,6.199225494,0.866662617,,,,,
1602,6.199225494,1.038662608,,,,,
1602,6.199225494,1.201662596,,,,,
1602,6.199225494,1.383662637,,,,,
1602,6.198237957,1.556662615,,,,,
1602,6.198237957,1.726662691,,,,,
1602,6.197250891,1.897662576,,,,,
1602,6.195276758,2.049662765,,,,,
1602,6.194289692,2.181662734,,,,,
1602,6.194289692,2.321662601,,,,,
1602,6.194289692,2.466662582,,,,,
1602,6.194289692,2.599662717,,,,,
1602,6.193302626,2.714662727,,,,,
1602,6.191328023,2.840662654,,,,,
1602,6.191328023,2.971662696,,,,,
1602,6.190340957,3.09566253,,,,,
1602,6.190340957,3.205662664,,,,,
1602,6.18935389,3.31166261,,,,,
1602,6.190340957,3.429662641,,,,,
1602,6.190340957,3.672662671,,,,,
1602,6.187379758,3.790662702,,,,,
1602,6.187379758,3.898662742,,,,,
1602,6.185405155,4.003662761,,,,,
1602,6.184418088,4.092662509,,,,,
1602,6.185231465,4.175662692,,,,,
1602,6.184418088,4.276662524,,,,,
1602,6.185405155,4.398662742,,,,,
1602,6.184418088,4.511662658,,,,,
1602,6.182443956,4.61266249,,,,,
1602,6.18145689,4.725662883,,,,,
1602,6.18145689,4.855662521,,,,,
1602,6.18145689,4.98766249,,,,,
1602,6.18145689,5.103662666,,,,,
1602,6.180469823,5.222662624,,,,,
1602,6.17849522,5.334662612,,,,,
1602,6.17849522,5.455662425,,,,,
1602,6.177508154,5.565662559,,,,,
1602,6.176521088,5.666662868,,,,,
1602,6.1762349,5.776662524,,,,,
1602,6.174546955,5.875662501,,,,,
1602,6.174546955,5.958662685,,,,,
1602,6.173559889,6.05166262,,,,,
1602,6.173559889,6.159662421,,,,,
1602,6.173696393,6.2676627,,,,,
1602,6.172572352,6.36266249,,,,,
1602,6.173263816,6.45666283,,,,,
1602,6.172572352,6.572662528,,,,,
1602,6.17059822,6.686662849,,,,,
1602,6.169611153,6.77166241,,,,,
1602,6.168624087,6.853662666,,,,,
1602,6.16926142,6.95666283,,,,,
1602,6.168624087,7.061662849,,,,,
1602,6.168068186,7.140662845,,,,,
1602,6.166649955,7.227662738,,,,,
1602,6.165662418,7.30166262,,,,,
1602,6.165662418,7.382662471,,,,,
1602,6.165662418,7.44966286,,,,,
1602,6.165574396,7.527662452,,,,,
1602,6.164675352,7.616662677,,,,,
1602,6.163647334,7.819662746,,,,,
1602,6.161714153,7.914663013,,,,,
1602,6.161580002,7.994662936,,,,,
1602,6.160727087,8.079662975,,,,,
1602,6.160605174,8.155662234,,,,,
1602,6.160022443,8.216663058,,,,,
1602,6.158752483,8.294662173,,,,,
1602,6.158752483,8.371662791,,,,,
1602,6.158521368,8.445662196,,,,,
1602,6.157765417,8.519662555,,,,,
1602,6.157562073,8.587662395,,,,,
1602,6.156778351,8.666662868,,,,,
1602,6.155953678,8.738662418,,,,,
1602,6.154804218,8.803662952,,,,,
1602,6.154060977,8.865662273,,,,,
1602,6.152829615,8.934662517,,,,,
1602,6.153088973,9.01466244,,,,,
1602,6.152829615,9.08566254,,,,,
1602,6.152678049,9.157663043,,,,,
1602,6.151842549,9.247662242,,,,,
1602,6.151633557,9.33266228,,,,,
1602,6.150747692,9.412662204,,,,,
1602,6.14888135,9.512662585,,,,,
1602,6.149312045,9.619662936,,,,,
1602,6.148846048,9.716663058,,,,,
1602,6.147866042,9.795662578,,,,,
1602,6.146558426,9.865662273,,,,,
1602,6.144932615,9.932662661,,,,,
1602,6.144540518,10.00466221,,,,,
1602,6.143945548,10.06066292,,,,,
1602,6.143316688,10.12766236,,,,,
1602,6.141971416,10.21466225,,,,,
1602,6.14168664,10.29066246,,,,,
1602,6.14098435,10.36366242,,,,,
1602,6.139996813,10.4456622,,,,,
1602,6.139732277,10.51166218,,,,,
1602,6.138990448,10.57966297,,,,,
1602,6.13802268,10.63866299,,,,,
1602,6.13802268,10.68866223,,,,,
1602,6.13802268,10.75766247,,,,,
1602,6.137081743,10.91366261,,,,,
1602,6.135988298,10.98866242,,,,,
1602,6.134714102,11.05066269,,,,,
1602,6.133086878,11.11566227,,,,,
1602,6.13296779,11.16366261,,,,,
1602,6.13264677,11.20766228,,,,,
1602,6.132099812,11.25866288,,,,,
1602,6.131259135,11.31866234,,,,,
1602,6.13012568,11.38066262,,,,,
1602,6.130234883,11.43666237,,,,,
1602,6.13012568,11.49066227,,,,,
1602,6.129767003,11.55266255,,,,,
1602,6.129138613,11.61466282,,,,,
1602,6.128659437,11.66666287,,,,,
1602,6.127964678,11.72066277,,,,,
1602,6.126999264,11.7676627,,,,,
1602,6.126111516,11.80566281,,,,,
1602,6.125189878,11.83766239,,,,,
1602,6.124778012,11.87366265,,,,,
1602,6.124180218,11.91466301,,,,,
1602,6.123451568,11.95666283,,,,,
1602,6.12238307,11.99066227,,,,,
1602,6.121241613,12.02466267,,,,,
1602,6.121308924,12.06866234,,,,,
1602,6.12109287,12.10666245,,,,,
1602,6.120669237,12.1416623,,,,,
1602,6.120165584,12.16766232,,,,,
1602,6.119301371,12.20366257,,,,,
1602,6.118228166,12.23666256,,,,,
1602,6.117292877,12.26366299,,,,,
1602,6.116549165,12.31366223,,,,,
1602,6.115907125,12.34266251,,,,,
1602,6.115097043,12.37166279,,,,,
1602,6.114198469,12.39666241,,,,,
1602,6.113325784,12.41966217,,,,,
1602,6.112357075,12.44166249,,,,,
1602,6.11099627,12.50466221,,,,,
1602,6.110324105,12.52966278,,,,,
1602,6.109395877,12.55366295,,,,,
1602,6.10840881,12.58466309,,,,,
1602,6.107515885,12.61566227,,,,,
1602,6.106416791,12.64666241,,,,,
1602,6.105447141,12.67266243,,,,,
1602,6.104270852,12.70666283,,,,,
1602,6.103473008,12.72866219,,,,,
1602,6.102244,12.76566284,,,,,
1602,6.10147487,12.7876622,,,,,
1602,6.100511339,12.81366223,,,,,
1602,6.099673957,12.85166233,,,,,
1602,6.09856639,12.88666218,,,,,
1602,6.097255009,12.92466229,,,,,
1602,6.095688977,12.95766228,,,,,
1602,6.093601405,12.99966305,,,,,
1602,6.092629401,13.03166264,,,,,
1602,6.091066193,13.07266301,,,,,
1602,6.08965314,13.10766285,,,,,
1602,6.089036988,13.13566273,,,,,
1602,6.087559449,13.19166249,,,,,
1602,6.08669147,13.22166222,,,,,
1602,6.085860207,13.24866265,,,,,
1602,6.084517759,13.28966301,,,,,
1602,6.08265283,13.33666294,,,,,
1602,6.079781536,13.40366238,,,,,
1602,6.076820337,13.48866242,,,,,
1602,6.073312181,13.59566277,,,,,
1602,6.0679358,13.73166245,,,,,
1602,6.062296766,13.87766236,,,,,
1602,6.054347047,14.03966301,,,,,
1602,6.04349732,14.22366303,,,,,
1602,6.029338074,14.42166298,,,,,
1602,6.018579193,14.55666226,,,,,
1602,6.010129115,14.65466278,,,,,
1602,5.999669131,14.76966255,,,,,
1602,5.986114269,14.90766304,,,,,
1602,5.973994112,15.02466267,,,,,
1602,5.965195243,15.10466259,,,,,
1602,5.95375996,15.20466297,,,,,
1602,5.940789242,15.30866307,,,,,
1602,5.929736642,15.39466255,,,,,
1602,5.92125032,15.45366257,,,,,
1602,5.911160309,15.51966255,,,,,
1602,5.897319259,15.60666245,,,,,
1602,5.885139323,15.67866295,,,,,
1602,5.877418365,15.72366303,,,,,
1602,5.866548869,15.7846629,,,,,
1602,5.85314981,15.85766285,,,,,
1602,5.84089409,15.92366188,,,,,
1602,5.833910256,15.95966309,,,,,
1602,5.823508168,16.01166313,,,,,
1602,5.809852575,16.07566231,,,,,
1602,5.797935292,16.12966317,,,,,
1602,5.789833535,16.16466301,,,,,
1602,5.778839303,16.20966309,,,,,
1602,5.765975904,16.26166313,,,,,
1602,5.752711937,16.31266182,,,,,
1602,5.745142076,16.34166306,,,,,
1602,5.736562554,16.3746621,,,,,
1602,5.721703371,16.4296624,,,,,
1602,5.709215124,16.47566193,,,,,
1602,5.700608302,16.50466317,,,,,
1602,5.691393801,16.5356633,,,,,
1602,5.677490147,16.57966202,,,,,
1602,5.664196525,16.62166184,,,,,
1602,5.656252925,16.64666336,,,,,
1602,5.646156324,16.6776635,,,,,
1602,5.633113588,16.71766251,,,,,
1602,5.620630989,16.75466317,,,,,
1602,5.612464746,16.77766198,,,,,
1602,5.602149739,16.80666321,,,,,
1602,5.587729723,16.84466332,,,,,
1602,5.576341511,16.8746621,,,,,
1602,5.558015593,16.92166298,,,,,
1602,5.545144663,16.95466202,,,,,
1602,5.531687707,16.98766297,,,,,
1602,5.513693636,17.03066223,,,,,
1602,5.500449438,17.06166237,,,,,
1602,5.487428824,17.0906617,,,,,
1602,5.470304143,17.12866181,,,,,
1602,5.456761519,17.15766304,,,,,
1602,5.442256305,17.18766182,,,,,
1602,5.424365318,17.22466248,,,,,
1602,5.410007435,17.25266236,,,,,
1602,5.396682276,17.27866333,,,,,
1602,5.379229984,17.31266182,,,,,
1602,5.365682183,17.3386628,,,,,
1602,5.352740647,17.36266297,,,,,
1602,5.335479933,17.39466255,,,,,
1602,5.322328934,17.41866272,,,,,
1602,5.309619927,17.44166344,,,,,
1602,5.292235888,17.47166222,,,,,
1602,5.278325644,17.49566239,,,,,
1602,5.263865147,17.5186631,,,,,
1602,5.245650315,17.54766243,,,,,
1602,5.232268672,17.56966179,,,,,
1602,5.211670666,17.60266274,,,,,
1602,5.187228421,17.64066284,,,,,
1602,5.16559769,17.67366188,,,,,
1602,5.141439279,17.70966309,,,,,
1602,5.117881016,17.74266213,,,,,
1602,5.088786803,17.78066223,,,,,
1602,5.065907766,17.80866211,,,,,
1602,5.012147252,17.8726632,,,,,
1602,4.975174397,17.91666191,,,,,
1602,4.921896355,17.97966355,,,,,
1602,4.868019107,18.04266327,,,,,
1602,4.802531004,18.11666268,,,,,
1602,4.721276672,18.20666283,,,,,
1602,4.637760136,18.29666298,,,,,
1602,4.586747122,18.34866303,,,,,
1602,4.523456265,18.41166275,,,,,
1602,4.439573993,18.49166268,,,,,
1602,4.355118402,18.57066315,,,,,
1602,4.307665793,18.61266297,,,,,
1602,4.242542957,18.66966217,,,,,
1602,4.157342242,18.74066323,,,,,
1602,4.074876789,18.80966347,,,,,
1602,4.024020519,18.84966248,,,,,
1602,3.96184476,18.89766281,,,,,
1602,3.876228649,18.96266335,,,,,
1602,3.791868612,19.02566307,,,,,
1602,3.742109318,19.06166237,,,,,
1602,3.680316006,19.105663,,,,,
1602,3.59628758,19.16366356,,,,,
1602,3.511085218,19.22266358,,,,,
1602,3.458831192,19.25666207,,,,,
1602,3.399051081,19.29566353,,,,,
1602,3.314953932,19.34866303,,,,,
1602,3.229616713,19.40266198,,,,,
1602,3.174738278,19.43666237,,,,,
1602,3.112120999,19.47466248,,,,,
1602,3.029225087,19.52466172,,,,,
1602,2.942028587,19.57666176,,,,,
1602,2.89665037,19.60366219,,,,,
1602,2.828017024,19.6436631,,,,,
1602,2.747703158,19.68966263,,,,,
1602,2.658045818,19.74066323,,,,,
1602,2.609120611,19.76766175,,,,,
1602,2.548701049,19.80066269,,,,,
1602,2.467844461,19.84466332,,,,,
1602,2.378462954,19.8936631,,,,,
1602,2.327382159,19.92066353,,,,,
1602,2.26502965,19.95366257,,,,,
1602,2.182940524,19.99566239,,,,,
1602,2.096535985,20.03966301,,,,,
1602,2.047560648,20.06466263,,,,,
1602,1.979632886,20.09866303,,,,,
1602,1.899952,20.13866204,,,,,
1602,1.810566727,20.18266266,,,,,
1602,1.763964091,20.20566338,,,,,
1602,1.698249462,20.23666352,,,,,
1602,1.617918886,20.27466172,,,,,
1602,1.525682324,20.31866234,,,,,
1602,1.417085857,20.37066239,,,,,
1602,1.331904794,20.4106633,,,,,
1602,1.251231075,20.44866341,,,,,
1602,1.196463961,20.47366303,,,,,
1602,1.141804404,20.49866265,,,,,
1602,1.057435305,20.53666275,,,,,
1602,0.972884574,20.57466286,,,,,
1602,0.921458341,20.59766358,,,,,
1602,0.860133909,20.6246621,,,,,
1602,0.777547249,20.6606633,,,,,
1602,0.691688784,20.69766205,,,,,
1602,0.584710244,20.74366349,,,,,
1602,0.503922968,20.77766198,,,,,
1602,0.423289964,20.81166237,,,,,
1602,0.316239877,20.855663,,,,,
1602,0.250733005,20.88266342,,,,,
1602,0.176827024,20.91366356,,,,,
1602,0.086481927,20.95166176,,,,,
1602,0.012832791,20.9826619,,,,,
1602,0,21,,,,,
1603,4.654063156,0,,,,,
1603,4.652197704,0.47971286,,,,,
1603,4.652393864,0.564712898,,,,,
1603,4.65209939,0.657712892,,,,,
1603,4.651706602,0.762712912,,,,,
1603,4.65082318,0.876712934,,,,,
1603,4.650724865,0.993712918,,,,,
1603,4.649939757,1.113712923,,,,,
1603,4.649154181,1.269712941,,,,,
1603,4.649055866,1.473712937,,,,,
1603,4.648663078,1.686712877,,,,,
1603,4.647975816,1.900712983,,,,,
1603,4.647975816,2.113712803,,,,,
1603,4.646797919,2.326712862,,,,,
1603,4.646797919,2.511712805,,,,,
1603,4.645717868,2.710712925,,,,,
1603,4.64512892,2.907712952,,,,,
1603,4.644637818,3.105712906,,,,,
1603,4.644146715,3.289712922,,,,,
1603,4.643754395,3.466712967,,,,,
1603,4.642379871,3.609712855,,,,,
1603,4.643067133,3.767712847,,,,,
1603,4.641692608,3.933712975,,,,,
1603,4.641987082,4.092712895,,,,,
1603,4.641790454,4.247713105,,,,,
1603,4.639728667,4.400712983,,,,,
1603,4.640317615,4.542712704,,,,,
1603,4.640023141,4.674712674,,,,,
1603,4.638648616,4.786712662,,,,,
1603,4.638059668,4.893713013,,,,,
1603,4.640307784,5.029712693,,,,,
1603,4.637961354,5.297712819,,,,,
1603,4.637176245,5.440712944,,,,,
1603,4.636488983,5.58371307,,,,,
1603,4.635801721,5.71971275,,,,,
1603,4.636096195,5.838712708,,,,,
1603,4.634623356,5.979712979,,,,,
1603,4.634034407,6.1217127,,,,,
1603,4.633641619,6.24971296,,,,,
1603,4.633837779,6.380713002,,,,,
1603,4.633444991,6.518713013,,,,,
1603,4.632463254,6.652712838,,,,,
1603,4.631285358,6.771712796,,,,,
1603,4.631775992,6.890712754,,,,,
1603,4.631285358,7.023712651,,,,,
1603,4.630499781,7.147712723,,,,,
1603,4.630577496,7.274713055,,,,,
1603,4.629125257,7.410712735,,,,,
1603,4.629125257,7.543713109,,,,,
1603,4.629026942,7.661712662,,,,,
1603,4.62814352,7.792712704,,,,,
1603,4.627456258,7.924712674,,,,,
1603,4.626376207,8.059712903,,,,,
1603,4.625885104,8.193712727,,,,,
1603,4.625099996,8.320712582,,,,,
1603,4.625296156,8.445712582,,,,,
1603,4.62451058,8.563712613,,,,,
1603,4.623627157,8.684712903,,,,,
1603,4.623960021,8.799712674,,,,,
1603,4.62328259,8.918713109,,,,,
1603,4.622056004,9.011712567,,,,,
1603,4.622356096,9.125712887,,,,,
1603,4.62176153,9.238712803,,,,,
1603,4.620878108,9.345713154,,,,,
1603,4.620289159,9.455712811,,,,,
1603,4.620227362,9.564713017,,,,,
1603,4.619503583,9.66271259,,,,,
1603,4.619009671,9.753713147,,,,,
1603,4.618030744,9.841712491,,,,,
1603,4.617834584,9.906713024,,,,,
1603,4.618217072,9.97371246,,,,,
1603,4.617441796,10.19571258,,,,,
1603,4.616754533,10.29971267,,,,,
1603,4.616263431,10.3977132,,,,,
1603,4.615772797,10.49371292,,,,,
1603,4.615409034,10.58671333,,,,,
1603,4.614594432,10.67471267,,,,,
1603,4.614513908,10.76371242,,,,,
1603,4.614003143,10.84871246,,,,,
1603,4.613218502,10.92271282,,,,,
1603,4.61204201,11.00171329,,,,,
1603,4.611882367,11.0757127,,,,,
1603,4.611452594,11.14471294,,,,,
1603,4.611095854,11.21571304,,,,,
1603,4.610454472,11.28571273,,,,,
1603,4.609587435,11.34771301,,,,,
1603,4.609225545,11.40871288,,,,,
1603,4.608703544,11.46571304,,,,,
1603,4.608324801,11.52371265,,,,,
1603,4.607820122,11.5767131,,,,,
1603,4.607427333,11.62171318,,,,,
1603,4.607001306,11.66271259,,,,,
1603,4.606445597,11.70671322,,,,,
1603,4.605924532,11.75771286,,,,,
1603,4.605365546,11.80171253,,,,,
1603,4.605046728,11.83671333,,,,,
1603,4.60457997,11.87871315,,,,,
1603,4.604052819,11.92171241,,,,,
1603,4.60355329,11.95671322,,,,,
1603,4.602665654,12.00071289,,,,,
1603,4.60163476,12.04671241,,,,,
1603,4.601045344,12.08271267,,,,,
1603,4.600576713,12.11871292,,,,,
1603,4.599960611,12.15371277,,,,,
1603,4.599180185,12.19371273,,,,,
1603,4.598741516,12.22571327,,,,,
1603,4.598394608,12.24871303,,,,,
1603,4.596861376,12.33971264,,,,,
1603,4.596296772,12.3637128,,,,,
1603,4.595449398,12.3977132,,,,,
1603,4.594626369,12.43971302,,,,,
1603,4.594051934,12.46671249,,,,,
1603,4.593512142,12.48971321,,,,,
1603,4.592896509,12.51471283,,,,,
1603,4.592013086,12.56071331,,,,,
1603,4.591553351,12.58371307,,,,,
1603,4.590183039,12.64371254,,,,,
1603,4.589460197,12.67271282,,,,,
1603,4.588589883,12.70771267,,,,,
1603,4.587987358,12.73071243,,,,,
1603,4.587356275,12.75271274,,,,,
1603,4.586271543,12.78871299,,,,,
1603,4.584987841,12.8257127,,,,,
1603,4.584158257,12.84871246,,,,,
1603,4.583284666,12.88771297,,,,,
1603,4.582391413,12.92471267,,,,,
1603,4.581816977,12.94871284,,,,,
1603,4.580721945,12.99171306,,,,,
1603,4.580004252,13.01371242,,,,,
1603,4.578991617,13.04371311,,,,,
1603,4.577503797,13.0767131,,,,,
1603,4.576205583,13.10471298,,,,,
1603,4.575500062,13.13771297,,,,,
1603,4.574263177,13.19071247,,,,,
1603,4.573479473,13.21371319,,,,,
1603,4.572278636,13.24771263,,,,,
1603,4.571120403,13.27771331,,,,,
1603,4.570047843,13.30371334,,,,,
1603,4.568645696,13.33671333,,,,,
1603,4.567855906,13.36571266,,,,,
1603,4.566585313,13.40771248,,,,,
1603,4.565739344,13.43171264,,,,,
1603,4.564817064,13.45671322,,,,,
1603,4.563643381,13.49071266,,,,,
1603,4.562493574,13.5227132,,,,,
1603,4.561456126,13.54471256,,,,,
1603,4.560398547,13.56671287,,,,,
1603,4.558926177,13.60771324,,,,,
1603,4.557922436,13.63571312,,,,,
1603,4.553624237,13.74671318,,,,,
1603,4.551152808,13.81371261,,,,,
1603,4.547980071,13.89271309,,,,,
1603,4.543419701,13.99471332,,,,,
1603,4.537718888,14.11071254,,,,,
1603,4.530754972,14.24371292,,,,,
1603,4.521619719,14.39971306,,,,,
1603,4.513468075,14.52771331,,,,,
1603,4.506890393,14.62671329,,,,,
1603,4.498127798,14.75171329,,,,,
1603,4.488419514,14.88171245,,,,,
1603,4.479596057,14.99171306,,,,,
1603,4.473294591,15.06671287,,,,,
1603,4.464919634,15.16271259,,,,,
1603,4.45426613,15.27471306,,,,,
1603,4.446018045,15.35871269,,,,,
1603,4.43972126,15.41871311,,,,,
1603,4.431827106,15.48971321,,,,,
1603,4.421539705,15.57871296,,,,,
1603,4.412715312,15.65071251,,,,,
1603,4.406210664,15.7017131,,,,,
1603,4.398041698,15.76371242,,,,,
1603,4.387672837,15.83771278,,,,,
1603,4.378855466,15.89971306,,,,,
1603,4.37285222,15.93871261,,,,,
1603,4.364854601,15.98971321,,,,,
1603,4.354468418,16.05371238,,,,,
1603,4.3459179,16.10571243,,,,,
1603,4.339020931,16.14471199,,,,,
1603,4.331500839,16.18671371,,,,,
1603,4.320712972,16.24271347,,,,,
1603,4.312001406,16.28771354,,,,,
1603,4.305662956,16.31971313,,,,,
1603,4.297917209,16.35871269,,,,,
1603,4.287572224,16.40771248,,,,,
1603,4.278466933,16.45071365,,,,,
1603,4.272241778,16.47771217,,,,,
1603,4.263696878,16.51471283,,,,,
1603,4.25406865,16.55371238,,,,,
1603,4.247889374,16.578712,,,,,
1603,4.238863203,16.61571266,,,,,
1603,4.230638526,16.6487136,,,,,
1603,4.22116011,16.68571235,,,,,
1603,4.211521582,16.72271301,,,,,
1603,4.205767866,16.74371292,,,,,
1603,4.197888225,16.7717128,,,,,
1603,4.187484252,16.80771209,,,,,
1603,4.177672972,16.84071304,,,,,
1603,4.163909934,16.88671257,,,,,
1603,4.153596784,16.91971351,,,,,
1603,4.144219023,16.94971229,,,,,
1603,4.13064044,16.99171211,,,,,
1603,4.120697607,17.0217128,,,,,
1603,4.110753838,17.05171348,,,,,
1603,4.097154188,17.09071304,,,,,
1603,4.086695908,17.12071373,,,,,
1603,4.077783032,17.14471199,,,,,
1603,4.064047615,17.18171264,,,,,
1603,4.053546265,17.20871307,,,,,
1603,4.043828149,17.23371269,,,,,
1603,4.029239272,17.26971199,,,,,
1603,4.019924713,17.2927127,,,,,
1603,4.009556789,17.31771232,,,,,
1603,3.995443565,17.35171272,,,,,
1603,3.986254473,17.37371208,,,,,
1603,3.97622503,17.3967128,,,,,
1603,3.962270981,17.42871238,,,,,
1603,3.952110453,17.45071365,,,,,
1603,3.941957883,17.47271301,,,,,
1603,3.927883984,17.5027137,,,,,
1603,3.917302109,17.52471306,,,,,
1603,3.902833316,17.55471374,,,,,
1603,3.883869462,17.59271194,,,,,
1603,3.867909805,17.62471344,,,,,
1603,3.848964677,17.66071273,,,,,
1603,3.832148986,17.69271232,,,,,
1603,3.811275029,17.72971298,,,,,
1603,3.796629972,17.75571205,,,,,
1603,3.777129604,17.78671219,,,,,
1603,3.755779994,17.82071258,,,,,
1603,3.719688417,17.87471344,,,,,
1603,3.691065436,17.91671325,,,,,
1603,3.650749631,17.97571327,,,,,
1603,3.5972279,18.05071212,,,,,
1603,3.540368874,18.13071205,,,,,
1603,3.472766222,18.2207122,,,,,
1603,3.436837333,18.26671364,,,,,
1603,3.387355843,18.32771255,,,,,
1603,3.323904856,18.40371277,,,,,
1603,3.260359301,18.47871353,,,,,
1603,3.223097318,18.52071335,,,,,
1603,3.175566428,18.57271339,,,,,
1603,3.114479895,18.63771202,,,,,
1603,3.050869967,18.70471336,,,,,
1603,3.012194602,18.74271347,,,,,
1603,2.965395684,18.78871299,,,,,
1603,2.898745041,18.84971382,,,,,
1603,2.842165507,18.90171196,,,,,
1603,2.80146534,18.93771316,,,,,
1603,2.75281484,18.97971298,,,,,
1603,2.690325224,19.03371383,,,,,
1603,2.624584221,19.08871223,,,,,
1603,2.590027281,19.11771347,,,,,
1603,2.542508563,19.15571357,,,,,
1603,2.477707863,19.20771362,,,,,
1603,2.419229463,19.25371315,,,,,
1603,2.380012903,19.28371383,,,,,
1603,2.331597185,19.32071258,,,,,
1603,2.264436948,19.36971237,,,,,
1603,2.204345728,19.41371299,,,,,
1603,2.165178091,19.44071342,,,,,
1603,2.120311981,19.47171356,,,,,
1603,2.053294767,19.51771309,,,,,
1603,1.992101727,19.5597129,,,,,
1603,1.954731365,19.58471252,,,,,
1603,1.903489468,19.61871292,,,,,
1603,1.839145227,19.66071273,,,,,
1603,1.78109742,19.69871284,,,,,
1603,1.742554779,19.72371246,,,,,
1603,1.694351139,19.7547126,,,,,
1603,1.630259472,19.79471351,,,,,
1603,1.569521837,19.83271362,,,,,
1603,1.530588398,19.85571243,,,,,
1603,1.484972877,19.88271286,,,,,
1603,1.422737591,19.91871216,,,,,
1603,1.354407883,19.95871307,,,,,
1603,1.268257106,20.00871231,,,,,
1603,1.208111696,20.04371216,,,,,
1603,1.144995562,20.07971336,,,,,
1603,1.107731824,20.10071327,,,,,
1603,1.059483124,20.1277137,,,,,
1603,0.997564432,20.16171219,,,,,
1603,0.933922611,20.19671203,,,,,
1603,0.845694831,20.24371292,,,,,
1603,0.785747454,20.27471306,,,,,
1603,0.721759192,20.30771209,,,,,
1603,0.633801541,20.35171272,,,,,
1603,0.577990204,20.3797126,,,,,
1603,0.509969484,20.41471244,,,,,
1603,0.427859386,20.45671226,,,,,
1603,0.367967399,20.48671295,,,,,
1603,0.309292078,20.51571228,,,,,
1603,0.231449164,20.55371238,,,,,
1603,0.159936479,20.58871223,,,,,
1603,0.019439793,20.65771248,,,,,
1603,0,20.68675144,,,,,
1604,3.117327801,0,,,,,
1604,3.115819485,0.403650134,,,,,
1604,3.114914395,0.588650107,,,,,
1604,3.114512079,0.682650148,,,,,
1604,3.113606989,0.777650117,,,,,
1604,3.113204674,0.868650138,,,,,
1604,3.11260144,0.961650132,,,,,
1604,3.112701899,1.046650171,,,,,
1604,3.112299583,1.137650132,,,,,
1604,3.111796809,1.227650165,,,,,
1604,3.111595651,1.314650177,,,,,
1604,3.110690801,1.404650091,,,,,
1604,3.110590102,1.486650109,,,,,
1604,3.111294034,1.566650152,,,,,
1604,3.110690801,1.644650101,,,,,
1604,3.109685012,1.731650113,,,,,
1604,3.109182237,1.812650084,,,,,
1604,3.10988617,1.893650174,,,,,
1604,3.109182237,1.97265017,,,,,
1604,3.108779922,2.047650217,,,,,
1604,3.107573215,2.125650048,,,,,
1604,3.108478305,2.196650147,,,,,
1604,3.108377846,2.270650029,,,,,
1604,3.107472756,2.34765017,,,,,
1604,3.107170899,2.419650196,,,,,
1604,3.106768823,2.487650036,,,,,
1604,3.106266049,2.558650135,,,,,
1604,3.106064891,2.628650069,,,,,
1604,3.106064891,2.694650053,,,,,
1604,3.105540298,2.762650132,,,,,
1604,3.104455868,2.824650168,,,,,
1604,3.104621062,2.871650099,,,,,
1604,3.104254711,2.940650105,,,,,
1604,3.104139387,3.000650048,,,,,
1604,3.103450319,3.064650177,,,,,
1604,3.10314127,3.123650193,,,,,
1604,3.10244453,3.177650093,,,,,
1604,3.102344071,3.229650139,,,,,
1604,3.102086091,3.276650071,,,,,
1604,3.101640139,3.316650032,,,,,
1604,3.102002894,3.400650143,,,,,
1604,3.100735049,3.53365004,,,,,
1604,3.100537727,3.589650034,,,,,
1604,3.100031116,3.640650153,,,,,
1604,3.100219087,3.697650074,,,,,
1604,3.100031116,3.752650141,,,,,
1604,3.099612018,3.812650084,,,,,
1604,3.098924868,3.86465013,,,,,
1604,3.098723711,3.911650061,,,,,
1604,3.098404352,3.958649992,,,,,
1604,3.097818621,4.007650256,,,,,
1604,3.097718162,4.048650145,,,,,
1604,3.097416545,4.094650149,,,,,
1604,3.097273409,4.13765037,,,,,
1604,3.096956447,4.178650259,,,,,
1604,3.096511455,4.214650034,,,,,
1604,3.096126881,4.255649924,,,,,
1604,3.095606364,4.294649958,,,,,
1604,3.095304748,4.33065021,,,,,
1604,3.094980114,4.370650172,,,,,
1604,3.094500116,4.410650133,,,,,
1604,3.0941985,4.44865024,,,,,
1604,3.094165892,4.486650347,,,,,
1604,3.093968571,4.517650008,,,,,
1604,3.093595026,4.555650114,,,,,
1604,3.093273749,4.594650149,,,,,
1604,3.09268562,4.639650225,,,,,
1604,3.092086703,4.674650072,,,,,
1604,3.091756075,4.719650149,,,,,
1604,3.091282071,4.761649966,,,,,
1604,3.091465487,4.790650248,,,,,
1604,3.091583448,4.859650015,,,,,
1604,3.090980455,4.95264995,,,,,
1604,3.090980455,5.092650294,,,,,
1604,3.090176063,5.244650244,,,,,
1604,3.089270973,5.388650297,,,,,
1604,3.089371432,5.510650038,,,,,
1604,3.088768198,5.63765037,,,,,
1604,3.088768198,5.755649924,,,,,
1604,3.088466342,5.854649901,,,,,
1604,3.089686715,6.035650133,,,,,
1604,3.087561492,6.277650236,,,,,
1604,3.087460793,6.42165029,,,,,
1604,3.086958018,6.548650145,,,,,
1604,3.087460793,6.688650011,,,,,
1604,3.087460793,6.816650271,,,,,
1604,3.086354545,6.953650355,,,,,
1604,3.086557141,7.076650023,,,,,
1604,3.085751311,7.20565021,,,,,
1604,3.085449694,7.333649992,,,,,
1604,3.085449694,7.445649981,,,,,
1604,3.084846221,7.562650084,,,,,
1604,3.084645063,7.678650259,,,,,
1604,3.08404183,7.803650259,,,,,
1604,3.084154516,7.921649813,,,,,
1604,3.083538815,8.033650278,,,,,
1604,3.082734424,8.144650339,,,,,
1604,3.082888109,8.252650141,,,,,
1604,3.082432807,8.357649683,,,,,
1604,3.082030492,8.460650324,,,,,
1604,3.081628176,8.562650561,,,,,
1604,3.081251275,8.670650362,,,,,
1604,3.08032101,8.775649905,,,,,
1604,3.080220311,8.870650172,,,,,
1604,3.080475415,8.960650324,,,,,
1604,3.080196575,9.065649866,,,,,
1604,3.07941592,9.165650248,,,,,
1604,3.07927638,9.260650515,,,,,
1604,3.078585395,9.356650233,,,,,
1604,3.07760574,9.442649721,,,,,
1604,3.078126017,9.514650225,,,,,
1604,3.078220002,9.592650294,,,,,
1604,3.077938046,9.679650187,,,,,
1604,3.077203424,9.761649966,,,,,
1604,3.076962466,9.840650439,,,,,
1604,3.076499492,9.912649988,,,,,
1604,3.076117556,9.971650003,,,,,
1604,3.075594402,10.02965057,,,,,
1604,3.075594402,10.07964981,,,,,
1604,3.075737298,10.19165027,,,,,
1604,3.075091627,10.33865058,,,,,
1604,3.074653108,10.40465057,,,,,
1604,3.074086078,10.46565044,,,,,
1604,3.074006238,10.52465045,,,,,
1604,3.073784461,10.58265006,,,,,
1604,3.073482604,10.64665019,,,,,
1604,3.073302066,10.69865024,,,,,
1604,3.072941468,10.76065051,,,,,
1604,3.072275897,10.83065021,,,,,
1604,3.071672664,10.88965023,,,,,
1604,3.070968731,10.95365035,,,,,
1604,3.070927253,11.00965011,,,,,
1604,3.070750311,11.06764972,,,,,
1604,3.070365258,11.12165058,,,,,
1604,3.070119745,11.17465007,,,,,
1604,3.069740446,11.23064983,,,,,
1604,3.069158551,11.28865039,,,,,
1604,3.068856934,11.34265029,,,,,
1604,3.068757674,11.39165008,,,,,
1604,3.068555078,11.44264972,,,,,
1604,3.068304769,11.49165046,,,,,
1604,3.067880636,11.5416497,,,,,
1604,3.06744883,11.58365047,,,,,
1604,3.067147213,11.62765014,,,,,
1604,3.066865496,11.67465007,,,,,
1604,3.066501782,11.71664989,,,,,
1604,3.066022264,11.76265037,,,,,
1604,3.065335834,11.80465019,,,,,
1604,3.064733799,11.83865058,,,,,
1604,3.064889163,11.86665046,,,,,
1604,3.065032059,11.90565002,,,,,
1604,3.064764009,11.93965042,,,,,
1604,3.064432182,11.97564971,,,,,
1604,3.064077099,12.01364982,,,,,
1604,3.063214686,12.0766505,,,,,
1604,3.061415295,12.1846503,,,,,
1604,3.061113439,12.21265018,,,,,
1604,3.060986606,12.23965061,,,,,
1604,3.060735818,12.26465023,,,,,
1604,3.060444751,12.28964984,,,,,
1604,3.059806273,12.32865035,,,,,
1604,3.059140222,12.37865055,,,,,
1604,3.058650155,12.40165031,,,,,
1604,3.058096551,12.42664993,,,,,
1604,3.057472938,12.47265041,,,,,
1604,3.056794181,12.51364982,,,,,
1604,3.05638707,12.53665054,,,,,
1604,3.056159299,12.55765045,,,,,
1604,3.055840419,12.58065021,,,,,
1604,3.055279383,12.61764991,,,,,
1604,3.054568498,12.65565002,,,,,
1604,3.054074115,12.68065059,,,,,
1604,3.053851379,12.70365035,,,,,
1604,3.053235917,12.75664985,,,,,
1604,3.052764551,12.7926501,,,,,
1604,3.051946494,12.83664977,,,,,
1604,3.051169435,12.87565029,,,,,
1604,3.050252836,12.91264999,,,,,
1604,3.049548904,12.95464981,,,,,
1604,3.049032223,12.9876498,,,,,
1604,3.048497561,13.01965034,,,,,
1604,3.047638265,13.06564987,,,,,
1604,3.046627201,13.12365043,,,,,
1604,3.045224611,13.19564998,,,,,
1604,3.043336029,13.28365028,,,,,
1604,3.040799859,13.38765037,,,,,
1604,3.03788367,13.50965011,,,,,
1604,3.034269064,13.64165008,,,,,
1604,3.029073727,13.80465019,,,,,
1604,3.022607906,13.97765052,,,,,
1604,3.017067316,14.11064994,,,,,
1604,3.012882323,14.21664989,,,,,
1604,3.007395439,14.34565055,,,,,
1604,3.000230002,14.49365032,,,,,
1604,2.995191946,14.59164989,,,,,
1604,2.990317646,14.67864978,,,,,
1604,2.985033359,14.77865016,,,,,
1604,2.978614291,14.89364994,,,,,
1604,2.973317536,14.98165023,,,,,
1604,2.968583015,15.05265033,,,,,
1604,2.963093014,15.13265026,,,,,
1604,2.956143121,15.22265041,,,,,
1604,2.949992344,15.30065048,,,,,
1604,2.945661817,15.35764968,,,,,
1604,2.939648422,15.43165004,,,,,
1604,2.933866634,15.49964988,,,,,
1604,2.927513021,15.56965053,,,,,
1604,2.923541414,15.61165035,,,,,
1604,2.917912832,15.66964996,,,,,
1604,2.911092888,15.7386502,,,,,
1604,2.905357134,15.79464996,,,,,
1604,2.901179333,15.83464992,,,,,
1604,2.895634907,15.88364971,,,,,
1604,2.889136479,15.94065082,,,,,
1604,2.882872057,15.99065006,,,,,
1604,2.873922813,16.0616492,,,,,
1604,2.866928085,16.11364925,,,,,
1604,2.860696749,16.15864932,,,,,
1604,2.856275353,16.18964946,,,,,
1604,2.851382592,16.22265041,,,,,
1604,2.844201331,16.27065074,,,,,
1604,2.838267775,16.3096503,,,,,
1604,2.8341245,16.33665073,,,,,
1604,2.828818155,16.37064922,,,,,
1604,2.822329318,16.41065013,,,,,
1604,2.815974026,16.44865024,,,,,
1604,2.812274305,16.4706496,,,,,
1604,2.806685284,16.50164974,,,,,
1604,2.79982506,16.53964984,,,,,
1604,2.793451068,16.57365024,,,,,
1604,2.784255591,16.62265003,,,,,
1604,2.777792409,16.65565097,,,,,
1604,2.771406908,16.6866492,,,,,
1604,2.761831893,16.73265064,,,,,
1604,2.754802639,16.76465023,,,,,
1604,2.748867885,16.79165065,,,,,
1604,2.739210633,16.83464992,,,,,
1604,2.732365035,16.86465061,,,,,
1604,2.72607328,16.89165103,,,,,
1604,2.715803443,16.9346503,,,,,
1604,2.710449146,16.95664966,,,,,
1604,2.703855294,16.98265064,,,,,
1604,2.694463695,17.01964939,,,,,
1604,2.688008664,17.04465091,,,,,
1604,2.681167142,17.07064998,,,,,
1604,2.672154841,17.10365093,,,,,
1604,2.66530205,17.12865055,,,,,
1604,2.65924382,17.14965045,,,,,
1604,2.650015257,17.18165004,,,,,
1604,2.642943566,17.20565021,,,,,
1604,2.636601222,17.22665012,,,,,
1604,2.627697293,17.25564945,,,,,
1604,2.62088598,17.27765071,,,,,
1604,2.613840422,17.29965007,,,,,
1604,2.604557434,17.3286494,,,,,
1604,2.597218412,17.35065067,,,,,
1604,2.586362365,17.38265026,,,,,
1604,2.573883869,17.41864955,,,,,
1604,2.562989221,17.44964969,,,,,
1604,2.549105977,17.48864925,,,,,
1604,2.540085285,17.51365077,,,,,
1604,2.52756627,17.54664981,,,,,
1604,2.511357604,17.58864963,,,,,
1604,2.489597318,17.64064968,,,,,
1604,2.465675846,17.69465053,,,,,
1604,2.437812256,17.75365055,,,,,
1604,2.40757697,17.81565082,,,,,
1604,2.359944053,17.90965068,,,,,
1604,2.32514999,17.97665012,,,,,
1604,2.299612542,18.023651,,,,,
1604,2.264613964,18.08564937,,,,,
1604,2.223464849,18.15764987,,,,,
1604,2.181733121,18.22865093,,,,,
1604,2.158312984,18.26665103,,,,,
1604,2.124896576,18.31865108,,,,,
1604,2.082508147,18.38364971,,,,,
1604,2.03944144,18.44664943,,,,,
1604,2.016858781,18.47965038,,,,,
1604,1.981329977,18.52664936,,,,,
1604,1.943442424,18.5766505,,,,,
1604,1.899787948,18.63265026,,,,,
1604,1.879190253,18.65864932,,,,,
1604,1.841637044,18.70465076,,,,,
1604,1.799912987,18.75465,,,,,
1604,1.757847634,18.80464923,,,,,
1604,1.731578921,18.83464992,,,,,
1604,1.69991599,18.86964977,,,,,
1604,1.657774753,18.91564929,,,,,
1604,1.616857245,18.95964992,,,,,
1604,1.592979768,18.98464954,,,,,
1604,1.56034965,19.01864994,,,,,
1604,1.516646383,19.06265056,,,,,
1604,1.4750675,19.10465038,,,,,
1604,1.448700725,19.12965,,,,,
1604,1.418182764,19.15864932,,,,,
1604,1.376781902,19.19664943,,,,,
1604,1.333340212,19.23665035,,,,,
1604,1.305238542,19.26164997,,,,,
1604,1.274952787,19.28865039,,,,,
1604,1.233496061,19.32464969,,,,,
1604,1.191197422,19.3626498,,,,,
1604,1.164383497,19.38565051,,,,,
1604,1.132140829,19.41265094,,,,,
1604,1.090273277,19.44664943,,,,,
1604,1.049517127,19.47965038,,,,,
1604,0.994157977,19.523651,,,,,
1604,0.950635908,19.55764949,,,,,
1604,0.905573387,19.59264934,,,,,
1604,0.845299658,19.63865077,,,,,
1604,0.808655435,19.66665065,,,,,
1604,0.766763247,19.69765079,,,,,
1604,0.707170972,19.74164951,,,,,
1604,0.663270683,19.77264965,,,,,
1604,0.623629773,19.80064952,,,,,
1604,0.56090223,19.84264934,,,,,
1604,0.526644268,19.86565006,,,,,
1604,0.478630164,19.898651,,,,,
1604,0.422395684,19.9366492,,,,,
1604,0.385411093,19.96165073,,,,,
1604,0.34387297,19.98864925,,,,,
1604,0.285567452,20.02664936,,,,,
1604,0.246482992,20.05165088,,,,,
1604,0.203995962,20.0786494,,,,,
1604,0.129159512,20.12565029,,,,,
1604,0.019810755,20.19465053,,,,,
1604,0,20.19465,,,,,
1605,1.5455,0,,,,,
1605,1.545407,0.424792644,,,,,
1605,1.545407,0.502792593,,,,,
1605,1.545211482,0.566792604,,,,,
1605,1.544234128,0.643792626,,,,,
1605,1.544722805,0.712792632,,,,,
1605,1.544136369,0.788792607,,,,,
1605,1.544826623,0.833792623,,,,,
1605,1.544722805,0.913792607,,,,,
1605,1.543843093,0.989792582,,,,,
1605,1.543549933,1.05779266,,,,,
1605,1.54306114,1.114792582,,,,,
1605,1.543158898,1.173792597,,,,,
1605,1.542865739,1.232792612,,,,,
1605,1.542889974,1.286792632,,,,,
1605,1.542474704,1.336792585,,,,,
1605,1.542572462,1.361792561,,,,,
1605,1.543761181,1.418792602,,,,,
1605,1.543983031,1.596792575,,,,,
1605,1.542963497,1.661792632,,,,,
1605,1.542181544,1.727792617,,,,,
1605,1.541945944,1.790792581,,,,,
1605,1.541204073,1.855792638,,,,,
1605,1.541634375,1.914792534,,,,,
1605,1.541596856,1.975792643,,,,,
1605,1.541204073,2.029792544,,,,,
1605,1.541301832,2.086792704,,,,,
1605,1.541344594,2.139792677,,,,,
1605,1.541008556,2.202792641,,,,,
1605,1.541008556,2.259792563,,,,,
1605,1.540910913,2.318792578,,,,,
1605,1.541101304,2.371792551,,,,,
1605,1.541017994,2.423792597,,,,,
1605,1.540429227,2.472792622,,,,,
1605,1.539640166,2.521792647,,,,,
1605,1.539703902,2.568792578,,,,,
1605,1.539542408,2.620792624,,,,,
1605,1.539452689,2.664792534,,,,,
1605,1.539151489,2.714792725,,,,,
1605,1.53922641,2.755792614,,,,,
1605,1.539151489,2.798792597,,,,,
1605,1.539089152,2.84179258,,,,,
1605,1.538858213,2.887792584,,,,,
1605,1.538683902,2.927792546,,,,,
1605,1.538369536,2.969792601,,,,,
1605,1.538351825,3.015792605,,,,,
1605,1.538136499,3.05779266,,,,,
1605,1.5377831,3.100792643,,,,,
1605,1.537489824,3.141792532,,,,,
1605,1.537427603,3.180792567,,,,,
1605,1.537294423,3.212792632,,,,,
1605,1.537196664,3.240792509,,,,,
1605,1.537292209,3.275792595,,,,,
1605,1.53678151,3.414792534,,,,,
1605,1.536422983,3.442792651,,,,,
1605,1.536023675,3.469792601,,,,,
1605,1.535534998,3.498792645,,,,,
1605,1.535614114,3.528792616,,,,,
1605,1.535632757,3.556792733,,,,,
1605,1.535545601,3.585792538,,,,,
1605,1.53541044,3.613792654,,,,,
1605,1.53514408,3.643792626,,,,,
1605,1.535113086,3.663792607,,,,,
1605,1.535031057,3.690792557,,,,,
1605,1.534705039,3.718792673,,,,,
1605,1.534362126,3.744792696,,,,,
1605,1.534090872,3.766792532,,,,,
1605,1.533482414,3.809792515,,,,,
1605,1.533569337,3.830792662,,,,,
1605,1.533632257,3.853792664,,,,,
1605,1.533521914,3.877792593,,,,,
1605,1.533384655,3.900792595,,,,,
1605,1.533186575,3.920792576,,,,,
1605,1.532895978,3.946792599,,,,,
1605,1.532905533,3.97379255,,,,,
1605,1.532815581,3.998792645,,,,,
1605,1.532501331,4.022792813,,,,,
1605,1.532211784,4.042792794,,,,,
1605,1.531820749,4.067792412,,,,,
1605,1.531756081,4.094792839,,,,,
1605,1.531650283,4.12179279,,,,,
1605,1.531374251,4.142792698,,,,,
1605,1.530941153,4.172792431,,,,,
1605,1.530875437,4.197792527,,,,,
1605,1.53078898,4.219792839,,,,,
1605,1.530256958,4.248792645,,,,,
1605,1.529645005,4.321792599,,,,,
1605,1.529279487,4.354792591,,,,,
1605,1.529255718,4.3757925,,,,,
1605,1.529163668,4.410792824,,,,,
1605,1.528997047,4.430792805,,,,,
1605,1.52879081,4.452792641,,,,,
1605,1.52841702,4.498792645,,,,,
1605,1.528106616,4.529792782,,,,,
1605,1.527715581,4.566792485,,,,,
1605,1.52760652,4.602792736,,,,,
1605,1.527353326,4.638792511,,,,,
1605,1.527076012,4.670792576,,,,,
1605,1.526643264,4.702792641,,,,,
1605,1.526054032,4.741792675,,,,,
1605,1.525610797,4.772792813,,,,,
1605,1.52517432,4.800792691,,,,,
1605,1.52514787,4.836792466,,,,,
1605,1.525105923,4.856792447,,,,,
1605,1.524811598,4.877792832,,,,,
1605,1.524001448,4.929792401,,,,,
1605,1.523564038,4.980792519,,,,,
1605,1.523129076,5.021792408,,,,,
1605,1.522633058,5.052792546,,,,,
1605,1.522436259,5.073792454,,,,,
1605,1.522144265,5.101792809,,,,,
1605,1.521838171,5.130792614,,,,,
1605,1.521313607,5.173792836,,,,,
1605,1.520873634,5.205792424,,,,,
1605,1.520384957,5.241792675,,,,,
1605,1.520288946,5.265792843,,,,,
1605,1.520091681,5.302792546,,,,,
1605,1.520254107,5.358792778,,,,,
1605,1.520222297,5.441792485,,,,,
1605,1.519798521,5.535792824,,,,,
1605,1.519565485,5.6257925,,,,,
1605,1.519016567,5.713792797,,,,,
1605,1.51909848,5.810792443,,,,,
1605,1.51882105,5.90279245,,,,,
1605,1.518996526,5.971792694,,,,,
1605,1.518918809,6.068792817,,,,,
1605,1.518527774,6.168792721,,,,,
1605,1.518325848,6.259792801,,,,,
1605,1.517941338,6.332792755,,,,,
1605,1.517749432,6.408792492,,,,,
1605,1.517354902,6.483792778,,,,,
1605,1.517242578,6.549792763,,,,,
1605,1.516963983,6.617792603,,,,,
1605,1.516670707,6.671792504,,,,,
1605,1.517119768,6.741792675,,,,,
1605,1.51729909,6.956792828,,,,,
1605,1.516866225,7.051792618,,,,,
1605,1.516866225,7.135792729,,,,,
1605,1.516670707,7.221792694,,,,,
1605,1.51660802,7.313792702,,,,,
1605,1.516280022,7.397792813,,,,,
1605,1.515693236,7.486792561,,,,,
1605,1.515617732,7.571792599,,,,,
1605,1.515302318,7.65979242,,,,,
1605,1.515302318,7.73979282,,,,,
1605,1.515204559,7.824792382,,,,,
1605,1.515302318,7.908792492,,,,,
1605,1.515214114,7.98979282,,,,,
1605,1.514873997,8.073792454,,,,,
1605,1.514324847,8.158792492,,,,,
1605,1.514324847,8.241792675,,,,,
1605,1.514566156,8.322793003,,,,,
1605,1.514618123,8.396792408,,,,,
1605,1.514544367,8.476792332,,,,,
1605,1.514324847,8.548792836,,,,,
1605,1.514031687,8.624793049,,,,,
1605,1.513683531,8.696792599,,,,,
1605,1.513151975,8.774792668,,,,,
1605,1.512761057,8.846792218,,,,,
1605,1.512781214,8.917792317,,,,,
1605,1.512663298,8.98979282,,,,,
1605,1.512761057,9.054792401,,,,,
1605,1.512833648,9.127792355,,,,,
1605,1.512750803,9.191792485,,,,,
1605,1.512663298,9.225792881,,,,,
1605,1.512408589,9.308793064,,,,,
1605,1.511948809,9.384792324,,,,,
1605,1.511392667,9.455792424,,,,,
1605,1.511497068,9.513792988,,,,,
1605,1.511510584,9.580792424,,,,,
1605,1.5112363,9.651792523,,,,,
1605,1.510903874,9.712792393,,,,,
1605,1.510590207,9.767792698,,,,,
1605,1.510317438,9.80779266,,,,,
1605,1.510704628,9.862792965,,,,,
1605,1.511462229,10.07779216,,,,,
1605,1.511392667,10.18579292,,,,,
1605,1.511392667,10.2877922,,,,,
1605,1.511184449,10.41079235,,,,,
1605,1.510610714,10.5377922,,,,,
1605,1.510959569,10.67879295,,,,,
1605,1.510814038,10.82979297,,,,,
1605,1.51012192,10.98879242,,,,,
1605,1.509242325,11.15679264,,,,,
1605,1.50885129,11.32079219,,,,,
1605,1.508084134,11.50979232,,,,,
1605,1.506505546,11.70879268,,,,,
1605,1.505655313,11.90379238,,,,,
1605,1.504061927,12.09979248,,,,,
1605,1.502112112,12.30879306,,,,,
1605,1.499225724,12.52379226,,,,,
1605,1.495793681,12.71679306,,,,,
1605,1.492430618,12.87779236,,,,,
1605,1.490454702,13.02179241,,,,,
1605,1.487835258,13.17879295,,,,,
1605,1.48440438,13.33079242,,,,,
1605,1.481483386,13.44879245,,,,,
1605,1.47957645,13.55679226,,,,,
1605,1.477296189,13.66679287,,,,,
1605,1.474370185,13.79179287,,,,,
1605,1.471818321,13.88779258,,,,,
1605,1.46931621,13.97479248,,,,,
1605,1.466133749,14.07879257,,,,,
1605,1.46220464,14.1967926,,,,,
1605,1.460175476,14.25579261,,,,,
1605,1.457959068,14.32079219,,,,,
1605,1.454821234,14.40779304,,,,,
1605,1.45124634,14.49479293,,,,,
1605,1.448250891,14.56579303,,,,,
1605,1.446282666,14.62079239,,,,,
1605,1.44372649,14.69079303,,,,,
1605,1.440303303,14.76979255,,,,,
1605,1.437792453,14.82679271,,,,,
1605,1.435838677,14.86779308,,,,,
1605,1.430013817,14.9837923,,,,,
1605,1.427016038,15.04079246,,,,,
1605,1.424890513,15.07979297,,,,,
1605,1.421946682,15.13379287,,,,,
1605,1.418815722,15.18979263,,,,,
1605,1.415995866,15.23979282,,,,,
1605,1.413949457,15.27579307,,,,,
1605,1.411433364,15.31979274,,,,,
1605,1.408160252,15.37379265,,,,,
1605,1.405486743,15.41679287,,,,,
1605,1.403455598,15.447793,,,,,
1605,1.400901404,15.48479271,,,,,
1605,1.397323131,15.53579235,,,,,
1605,1.394590314,15.57379245,,,,,
1605,1.392496016,15.60179233,,,,,
1605,1.389687462,15.63879299,,,,,
1605,1.38617677,15.68279266,,,,,
1605,1.383516427,15.71579265,,,,,
1605,1.381566496,15.73879242,,,,,
1605,1.37867603,15.77279281,,,,,
1605,1.375089484,15.81379223,,,,,
1605,1.372109532,15.84779262,,,,,
1605,1.370179758,15.87079239,,,,,
1605,1.367465933,15.90079307,,,,,
1605,1.363840704,15.93979263,,,,,
1605,1.361227434,15.9657917,,,,,
1605,1.359012074,15.98779297,,,,,
1605,1.356196879,16.01579284,,,,,
1605,1.352332437,16.0527935,,,,,
1605,1.349824267,16.07679176,,,,,
1605,1.345139305,16.12379265,,,,,
1605,1.342311293,16.15079307,,,,,
1605,1.339088866,16.18079185,,,,,
1605,1.336922211,16.20079231,,,,,
1605,1.33437524,16.22379303,,,,,
1605,1.331023013,16.25279236,,,,,
1605,1.32737145,16.28379249,,,,,
1605,1.320928228,16.33679199,,,,,
1605,1.317177275,16.36679268,,,,,
1605,1.312787104,16.40179252,,,,,
1605,1.309193567,16.42879295,,,,,
1605,1.306133334,16.45179176,,,,,
1605,1.302131984,16.48179245,,,,,
1605,1.298562916,16.50779342,,,,,
1605,1.295138797,16.53179168,,,,,
1605,1.290462806,16.56379318,,,,,
1605,1.286804136,16.58779335,,,,,
1605,1.283724444,16.6077919,,,,,
1605,1.278960948,16.63779258,,,,,
1605,1.275032538,16.6627922,,,,,
1605,1.270008042,16.69479179,,,,,
1605,1.266801462,16.71479225,,,,,
1605,1.263276205,16.73679351,,,,,
1605,1.258234464,16.76779174,,,,,
1605,1.251668083,16.80579185,,,,,
1605,1.243382476,16.85279274,,,,,
1605,1.232383744,16.91179275,,,,,
1605,1.220939096,16.96979332,,,,,
1605,1.207291673,17.03479194,,,,,
1605,1.190376382,17.11279297,,,,,
1605,1.168913269,17.20779228,,,,,
1605,1.149970095,17.2877922,,,,,
1605,1.136978786,17.3387928,,,,,
1605,1.119828244,17.40279197,,,,,
1605,1.099506311,17.47579193,,,,,
1605,1.079943726,17.54479217,,,,,
1605,1.067205145,17.58679199,,,,,
1605,1.051120744,17.63979339,,,,,
1605,1.028488489,17.70479202,,,,,
1605,1.008036754,17.76379203,,,,,
1605,0.993148762,17.79979324,,,,,
1605,0.984071764,17.8217926,,,,,
1605,0.960720009,17.87979316,,,,,
1605,0.941073531,17.92879295,,,,,
1605,0.928282109,17.95979309,,,,,
1605,0.911150618,17.9997921,,,,,
1605,0.888527975,18.05179214,,,,,
1605,0.86889111,18.09579277,,,,,
1605,0.857543056,18.12079239,,,,,
1605,0.8416459,18.15479278,,,,,
1605,0.81888932,18.20279312,,,,,
1605,0.799981801,18.24279213,,,,,
1605,0.787457263,18.26779174,,,,,
1605,0.771462407,18.29979324,,,,,
1605,0.748551731,18.34379196,,,,,
1605,0.730210257,18.37879181,,,,,
1605,0.716716405,18.40379333,,,,,
1605,0.701415414,18.43179321,,,,,
1605,0.679420746,18.47079277,,,,,
1605,0.660289453,18.50479316,,,,,
1605,0.647611054,18.52579307,,,,,
1605,0.631343253,18.5527935,,,,,
1605,0.608722417,18.5887928,,,,,
1605,0.590551059,18.61779213,,,,,
1605,0.577067926,18.63879203,,,,,
1605,0.560649235,18.66379356,,,,,
1605,0.539642583,18.69579315,,,,,
1605,0.517297778,18.72879219,,,,,
1605,0.491578606,18.76679229,,,,,
1605,0.468684331,18.79979324,,,,,
1605,0.447357632,18.82979202,,,,,
1605,0.418589384,18.86979293,,,,,
1605,0.398450385,18.89679336,,,,,
1605,0.3782667,18.92379188,,,,,
1605,0.348558442,18.96179199,,,,,
1605,0.328642574,18.98679351,,,,,
1605,0.306957,19.01379203,,,,,
1605,0.279446129,19.04779243,,,,,
1605,0.260322206,19.07079315,,,,,
1605,0.235958229,19.09979248,,,,,
1605,0.206924727,19.13379287,,,,,
1605,0.189034033,19.15479278,,,,,
1605,0.167817866,19.1797924,,,,,
1605,0.13900071,19.21279335,,,,,
1605,0.117182064,19.23779297,,,,,
1605,0.076826609,19.28179168,,,,,
1605,0.017495911,19.34679222,,,,,
1605,0,19.41212489,,,,,
