FlashID,PointID,I,V,T,PiraV,PiraT,,Power Curve [W],Pmpp [W],"Isc @ G1, T1 [A]","Voc @ G1, T1 [V]",,I Corrected [A],V Corrected [V],P Corrected [W],,Measured Parameters,,,,Irradiance [W/m2],TDUT [C],Voc [V],Isc [A],Pmpp [W],Vmpp [V],Impp [A],FF [%],Mod. Eff [%]
1662,NaN,1.528836625,0,NaN,NaN,NaN,,0,27.55069331,1.528836625,22.72015739,,1.46839725,-0.14928105,-0.219203884,,G1,1041.79,[W/m2],,1041.79,23.8,22.57,1.468,26.3,18.91,1.388,79.22%,12.95%
1662,0,1.527199984,0.500999987,23.79000092,0.073973298,23.20000076,,0.765127172,,,,,1.46682531,0.351718937,0.515910238,,T1,23.79,˚C,,,,,,,,,,
1662,1,1.528499961,0.832000017,23.79000092,0.073973298,23.20000076,,1.271711994,,,,,1.468073895,0.682718967,1.002281893,,,,,,,,,,,,,,
1662,2,1.528900027,1.192999959,23.79000092,0.073973298,23.20000076,,1.82397767,,,,,1.468458146,1.043718909,1.532657533,,Desired Conditions:,,,,,,,,,,,,
1662,3,1.529199958,1.539999962,23.79000092,0.073973298,23.20000076,,2.354967877,,,,,1.468746219,1.390718912,2.042613143,,G2,1000,[W/m2],,,,,,,,,,
1662,4,1.528499961,1.912999988,23.79000092,0.073973298,23.20000076,,2.924020406,,,,,1.468073895,1.763718937,2.58926973,,T2,25,˚C,,,,,,,,,,
1662,5,1.528499961,2.279999971,23.79000092,0.073973298,23.20000076,,3.484979867,,,,,1.468073895,2.130718921,3.128052826,,,,,,,,,,,,,,
1662,6,1.528100014,2.644999981,23.79000092,0.073973298,23.20000076,,4.041824507,,,,,1.467689759,2.495718931,3.662941116,,Relative (used in Proc. 2),,,,,,,,,,,,
1662,7,1.527699947,3.006000042,23.79000092,0.073973298,23.20000076,,4.592266106,,,,,1.467305509,2.856718992,4.191679513,,,,,,,,,,,,,,
1662,8,1.527199984,3.371000052,23.79000092,0.073973298,23.20000076,,5.148191223,,,,,1.46682531,3.221719001,4.725698972,,alpha REL,0.05,[%/˚C],,,,,,,,,,
1662,9,1.52760005,3.736000061,23.79000092,0.073973298,23.20000076,,5.70711388,,,,,1.46720956,3.586719011,5.262468423,,beta REL,-0.34,[%/˚C],,,,,,,,,,
1662,10,1.526800036,4.047999859,23.79000092,0.073973298,23.20000076,,6.180486332,,,,,1.466441174,3.898718809,5.717241786,,,,,,,,,,,,,,
1662,11,1.5273,4.359000206,23.79000092,0.073973298,23.20000076,,6.657501015,,,,,1.466921373,4.209719156,6.175327002,,Procedure 2,,,,,,,,,,,,
1662,12,1.527899981,4.717999935,23.79000092,0.073973298,23.20000076,,7.208632009,,,,,1.467497634,4.568718885,6.704584153,,Rs',0,[Ω],,,,,,,,,,
1662,13,1.527199984,5.065999985,23.79000092,0.073973298,23.20000076,,7.736795094,,,,,1.46682531,4.916718934,7.211967774,,κ',0,[mΩ/˚C],,,,,,,,,,
1662,14,1.5273,5.410999775,23.79000092,0.073973298,23.20000076,,8.264219957,,,,,1.466921373,5.261718725,7.718527653,,a,0.06,,,,,,,,,,,
1662,15,1.5273,5.743000031,23.79000092,0.073973298,23.20000076,,8.771283948,,,,,1.466921373,5.59371898,8.205545924,,,,,,,,,,,,,,
1662,16,1.525900006,6.078000069,23.79000092,0.073973298,23.20000076,,9.274420343,,,,,1.465576724,5.928719018,8.688992599,,,,,,,,,,,,,,
1662,17,1.525500059,6.375999928,23.79000092,0.073973298,23.20000076,,9.726588266,,,,,1.465192588,6.226718877,9.123342349,,Cell Area:,0.004056, [m2],,,,,,,,,,
1662,18,1.526305556,6.672999859,23.79000092,0.073973298,23.20000076,,10.18503676,,,,,1.465966242,6.523718809,9.563551545,,Module Area:,0.2027, [m2],,,,,,,,,,
1662,19,1.524799943,6.968999863,23.79000092,0.073973298,23.20000076,,10.62633059,,,,,1.46452015,6.819718812,9.987615617,,,,,,,,,,,,,,
1662,20,1.524799943,7.245999813,23.79000092,0.073973298,23.20000076,,11.0487001,,,,,1.46452015,7.096718763,10.39328763,,,,,,,,,,,,,,
1662,21,1.526858568,7.624000073,23.79000092,0.073973298,23.20000076,,11.64076983,,,,,1.466497392,7.474719022,10.96165595,,,,,,,,,,,,,,
1662,22,1.525400043,8.020999908,23.79000092,0.073973298,23.20000076,,12.2352336,,,,,1.465096526,7.871718858,11.53282795,,,,,,,,,,,,,,
1662,23,1.525500059,8.331000328,23.79000092,0.073973298,23.20000076,,12.70894149,,,,,1.465192588,8.181719278,11.98779445,,,,,,,,,,,,,,
1662,24,1.526200056,8.605999947,23.79000092,0.073973298,23.20000076,,13.1344776,,,,,1.465864912,8.456718896,12.3964075,,,,,,,,,,,,,,
1662,25,1.525599957,8.892999649,23.79000092,0.073973298,23.20000076,,13.56715988,,,,,1.465288537,8.743718599,12.81207063,,,,,,,,,,,,,,
1662,26,1.524799943,9.173999786,23.79000092,0.073973298,23.20000076,,13.98851435,,,,,1.46452015,9.024718736,13.21688244,,,,,,,,,,,,,,
1662,27,1.525099993,9.454000473,23.79000092,0.073973298,23.20000076,,14.41829605,,,,,1.464808338,9.304719423,13.62963059,,,,,,,,,,,,,,
1662,28,1.525099993,9.734000206,23.79000092,0.073973298,23.20000076,,14.84532364,,,,,1.464808338,9.584719156,14.03977654,,,,,,,,,,,,,,
1662,29,1.524199963,10.0010004,23.79000092,0.073973298,23.20000076,,15.24352444,,,,,1.463943888,9.851719354,14.42236434,,,,,,,,,,,,,,
1662,30,1.524299979,10.27299976,23.79000092,0.073973298,23.20000076,,15.65913333,,,,,1.464039951,10.12371871,14.82152865,,,,,,,,,,,,,,
1662,31,1.524500012,10.5170002,23.79000092,0.073973298,23.20000076,,16.03316693,,,,,1.464232076,10.36771915,15.18074694,,,,,,,,,,,,,,
1662,32,1.524299979,10.77400017,23.79000092,0.073973298,23.20000076,,16.42280823,,,,,1.464039951,10.62471912,15.55501326,,,,,,,,,,,,,,
1662,33,1.524099946,11.02000046,23.79000092,0.073973298,23.20000076,,16.7955821,,,,,1.463847826,10.87071941,15.91307897,,,,,,,,,,,,,,
1662,34,1.524099946,11.25500011,23.79000092,0.073973298,23.20000076,,17.15374507,,,,,1.463847826,11.10571906,16.25708271,,,,,,,,,,,,,,
1662,35,1.523727536,11.4829998,23.79000092,0.073973298,23.20000076,,17.496963,,,,,1.463490138,11.33371875,16.58678563,,,,,,,,,,,,,,
1662,36,1.522600055,11.70800018,23.79000092,0.073973298,23.20000076,,17.82660172,,,,,1.46240723,11.55871913,16.90355442,,,,,,,,,,,,,,
1662,37,1.523139238,11.92700005,23.79000092,0.073973298,23.20000076,,18.16648177,,,,,1.462925098,11.777719,17.22992071,,,,,,,,,,,,,,
1662,38,1.523000002,12.12699986,23.79000092,0.073973298,23.20000076,,18.4694208,,,,,1.462791366,11.9777188,17.52090365,,,,,,,,,,,,,,
1662,39,1.523100019,12.33500004,23.79000092,0.073973298,23.20000076,,18.78743879,,,,,1.462887428,12.18571899,17.82633511,,,,,,,,,,,,,,
1662,40,1.523000002,12.54899979,23.79000092,0.073973298,23.20000076,,19.1121267,,,,,1.462791366,12.39971874,18.1382015,,,,,,,,,,,,,,
1662,41,1.522799969,12.74600029,23.79000092,0.073973298,23.20000076,,19.40960884,,,,,1.46259924,12.59671924,18.42395199,,,,,,,,,,,,,,
1662,42,1.522750139,12.93299961,23.79000092,0.073973298,23.20000076,,19.69372696,,,,,1.462551381,12.78371856,18.69684523,,,,,,,,,,,,,,
1662,43,1.52221942,13.11600018,23.79000092,0.073973298,23.20000076,,19.96543017,,,,,1.462041642,12.96671912,18.95788332,,,,,,,,,,,,,,
1662,44,1.521299958,13.29199982,23.79000092,0.073973298,23.20000076,,20.22111877,,,,,1.46115853,13.14271877,19.20359563,,,,,,,,,,,,,,
1662,45,1.521654844,13.44299984,23.79000092,0.073973298,23.20000076,,20.45560583,,,,,1.461499386,13.29371879,19.42876185,,,,,,,,,,,,,,
1662,46,1.521700025,13.59899998,23.79000092,0.073973298,23.20000076,,20.6935986,,,,,1.46154278,13.44971893,19.65733959,,,,,,,,,,,,,,
1662,47,1.521800041,13.75899983,23.79000092,0.073973298,23.20000076,,20.9384465,,,,,1.461638843,13.60971877,19.8924936,,,,,,,,,,,,,,
1662,48,1.521600008,13.91100025,23.79000092,0.073973298,23.20000076,,21.16697809,,,,,1.461446718,13.7617192,20.11201936,,,,,,,,,,,,,,
1662,49,1.521352291,14.05599976,23.79000092,0.073973298,23.20000076,,21.38412743,,,,,1.461208794,13.90671871,20.32061966,,,,,,,,,,,,,,
1662,50,1.520866871,14.18900013,23.79000092,0.073973298,23.20000076,,21.57958023,,,,,1.460742564,14.03971908,20.50841524,,,,,,,,,,,,,,
1662,51,1.520400047,14.28100014,23.79000092,0.073973298,23.20000076,,21.71283328,,,,,1.460294195,14.13171909,20.63646735,,,,,,,,,,,,,,
1662,52,1.520437837,14.39999962,23.79000092,0.073973298,23.20000076,,21.89430427,,,,,1.46033049,14.25071857,20.81075883,,,,,,,,,,,,,,
1662,53,1.52031076,14.51399994,23.79000092,0.073973298,23.20000076,,22.06579027,,,,,1.460208437,14.36471889,20.97548372,,,,,,,,,,,,,,
1662,54,1.519999981,14.62300015,23.79000092,0.073973298,23.20000076,,22.22695994,,,,,1.459909944,14.47371909,21.13032644,,,,,,,,,,,,,,
1662,55,1.520002484,14.71500015,23.79000092,0.073973298,23.20000076,,22.36683679,,,,,1.459912349,14.5657191,21.26467319,,,,,,,,,,,,,,
1662,56,1.519812107,14.80500031,23.79000092,0.073973298,23.20000076,,22.50081871,,,,,1.459729498,14.65571925,21.39338571,,,,,,,,,,,,,,
1662,57,1.519600034,14.8739996,23.79000092,0.073973298,23.20000076,,22.60253029,,,,,1.459525808,14.72471855,21.49110674,,,,,,,,,,,,,,
1662,58,1.519333124,14.93200016,23.79000092,0.073973298,23.20000076,,22.68668245,,,,,1.45926945,14.78271911,21.57197039,,,,,,,,,,,,,,
1662,59,1.519099951,14.97700024,23.79000092,0.073973298,23.20000076,,22.75156032,,,,,1.459045495,14.82771919,21.63431688,,,,,,,,,,,,,,
1662,60,1.519099951,15.00899983,23.79000092,0.073973298,23.20000076,,22.8001709,,,,,1.459045495,14.85971877,21.68100574,,,,,,,,,,,,,,
1662,61,1.519049764,15.10200024,23.79000092,0.073973298,23.20000076,,22.94068989,,,,,1.458997292,14.95271919,21.8159768,,,,,,,,,,,,,,
1662,62,1.518652558,15.2869997,23.79000092,0.073973298,23.20000076,,23.21564121,,,,,1.458615789,15.13771865,22.08011544,,,,,,,,,,,,,,
1662,63,1.518300057,15.35599995,23.79000092,0.073973298,23.20000076,,23.31501559,,,,,1.458277223,15.2067189,22.1756118,,,,,,,,,,,,,,
1662,64,1.518497944,15.41699982,23.79000092,0.073973298,23.20000076,,23.41068252,,,,,1.458467287,15.26771877,22.26746837,,,,,,,,,,,,,,
1662,65,1.518651605,15.47799969,23.79000092,0.073973298,23.20000076,,23.50568906,,,,,1.458614873,15.32871864,22.35869699,,,,,,,,,,,,,,
1662,66,1.518433571,15.52700043,23.79000092,0.073973298,23.20000076,,23.5767187,,,,,1.458405459,15.37771938,22.42694989,,,,,,,,,,,,,,
1662,67,1.51820004,15.57400036,23.79000092,0.073973298,23.20000076,,23.64444797,,,,,1.45818116,15.42471931,22.4920351,,,,,,,,,,,,,,
1662,68,1.518018961,15.625,23.79000092,0.073973298,23.20000076,,23.71904627,,,,,1.45800724,15.47571895,22.56371027,,,,,,,,,,,,,,
1662,69,1.517852902,15.66600037,23.79000092,0.073973298,23.20000076,,23.77868412,,,,,1.457847746,15.51671932,22.62101428,,,,,,,,,,,,,,
1662,70,1.517391324,15.70899963,23.79000092,0.073973298,23.20000076,,23.83669975,,,,,1.457404415,15.55971858,22.67680256,,,,,,,,,,,,,,
1662,71,1.516899943,15.75300026,23.79000092,0.073973298,23.20000076,,23.8957252,,,,,1.45693246,15.60371921,22.73356502,,,,,,,,,,,,,,
1662,72,1.517051935,15.79300022,23.79000092,0.073973298,23.20000076,,23.95880155,,,,,1.457078443,15.64371917,22.79412598,,,,,,,,,,,,,,
1662,73,1.517072678,15.82900047,23.79000092,0.073973298,23.20000076,,24.01374413,,,,,1.457098366,15.67971942,22.84689355,,,,,,,,,,,,,,
1662,74,1.517004609,15.86800003,23.79000092,0.073973298,23.20000076,,24.07182918,,,,,1.457032988,15.71871898,22.90269209,,,,,,,,,,,,,,
1662,75,1.516819358,15.91100025,23.79000092,0.073973298,23.20000076,,24.13411319,,,,,1.456855061,15.7617192,22.96254038,,,,,,,,,,,,,,
1662,76,1.516600013,15.95400047,23.79000092,0.073973298,23.20000076,,24.19583732,,,,,1.456644387,15.80471942,23.02185583,,,,,,,,,,,,,,
1662,77,1.516624808,15.99300003,23.79000092,0.073973298,23.20000076,,24.25538061,,,,,1.456668202,15.84371898,23.07904164,,,,,,,,,,,,,,
1662,78,1.516542077,16.0340004,23.79000092,0.073973298,23.20000076,,24.31623627,,,,,1.456588742,15.88471935,23.13750336,,,,,,,,,,,,,,
1662,79,1.516450524,16.06599999,23.79000092,0.073973298,23.20000076,,24.3632941,,,,,1.456500808,15.91671893,23.18271399,,,,,,,,,,,,,,
1662,80,1.516210914,16.09799957,23.79000092,0.073973298,23.20000076,,24.40796264,,,,,1.45627067,15.94871852,23.22565101,,,,,,,,,,,,,,
1662,81,1.516000032,16.125,23.79000092,0.073973298,23.20000076,,24.44550052,,,,,1.456068125,15.97571895,23.26173514,,,,,,,,,,,,,,
1662,82,1.515935898,16.15500069,23.79000092,0.073973298,23.20000076,,24.48994547,,,,,1.456006526,16.00571964,23.30443225,,,,,,,,,,,,,,
1662,83,1.515753627,16.18799973,23.79000092,0.073973298,23.20000076,,24.53701929,,,,,1.455831461,16.03871867,23.34967124,,,,,,,,,,,,,,
1662,84,1.515539169,16.22400093,23.79000092,0.073973298,23.20000076,,24.58810889,,,,,1.455625482,16.07471988,23.39877187,,,,,,,,,,,,,,
1662,85,1.51515758,16.25799942,23.79000092,0.073973298,23.20000076,,24.63343106,,,,,1.455258978,16.10871837,23.44235703,,,,,,,,,,,,,,
1662,86,1.514799953,16.28899956,23.79000092,0.073973298,23.20000076,,24.67457576,,,,,1.454915488,16.13971851,23.48192643,,,,,,,,,,,,,,
1662,87,1.514869571,16.31500053,23.79000092,0.073973298,23.20000076,,24.71509785,,,,,1.454982354,16.16571948,23.52083659,,,,,,,,,,,,,,
1662,88,1.514852405,16.34600067,23.79000092,0.073973298,23.20000076,,24.76177842,,,,,1.454965867,16.19671962,23.5656742,,,,,,,,,,,,,,
1662,89,1.514799953,16.39599991,23.79000092,0.073973298,23.20000076,,24.83665988,,,,,1.454915488,16.24671886,23.6376029,,,,,,,,,,,,,,
1662,90,1.514669776,16.43899918,23.79000092,0.073973298,23.20000076,,24.8996552,,,,,1.454790458,16.28971813,23.69812649,,,,,,,,,,,,,,
1662,91,1.51437366,16.47999954,23.79000092,0.073973298,23.20000076,,24.95687722,,,,,1.454506048,16.33071849,23.75312882,,,,,,,,,,,,,,
1662,92,1.514099956,16.51600075,23.79000092,0.073973298,23.20000076,,25.006876,,,,,1.454243164,16.3667197,23.80119024,,,,,,,,,,,,,,
1662,93,1.51290834,16.61199951,23.79000092,0.073973298,23.20000076,,25.1324326,,,,,1.453098656,16.46271846,23.92195407,,,,,,,,,,,,,,
1662,94,1.512400031,16.65099907,23.79000092,0.073973298,23.20000076,,25.18297151,,,,,1.452610443,16.50171802,23.97056792,,,,,,,,,,,,,,
1662,95,1.512136936,16.68000031,23.79000092,0.073973298,23.20000076,,25.22244456,,,,,1.452357749,16.53071925,24.0085182,,,,,,,,,,,,,,
1662,96,1.51183331,16.70899963,23.79000092,0.073973298,23.20000076,,25.26122223,,,,,1.452066126,16.55971858,24.04580641,,,,,,,,,,,,,,
1662,97,1.511500001,16.73999977,23.79000092,0.073973298,23.20000076,,25.30250967,,,,,1.451745993,16.59071872,24.08550943,,,,,,,,,,,,,,
1662,98,1.511368156,16.76300049,23.79000092,0.073973298,23.20000076,,25.33506513,,,,,1.45161936,16.61371944,24.11679678,,,,,,,,,,,,,,
1662,99,1.511085033,16.78800011,23.79000092,0.073973298,23.20000076,,25.3680957,,,,,1.451347431,16.63871906,24.14856215,,,,,,,,,,,,,,
1662,100,1.510428309,16.84399986,23.79000092,0.073973298,23.20000076,,25.44165424,,,,,1.450716669,16.69471881,24.21930686,,,,,,,,,,,,,,
1662,101,1.509813547,16.87800026,23.79000092,0.073973298,23.20000076,,25.48263344,,,,,1.45012621,16.72871921,24.25875418,,,,,,,,,,,,,,
1662,102,1.509299994,16.90600014,23.79000092,0.073973298,23.20000076,,25.5162259,,,,,1.449632959,16.75671909,24.29109227,,,,,,,,,,,,,,
1662,103,1.509257793,16.93000031,23.79000092,0.073973298,23.20000076,,25.5517349,,,,,1.449592427,16.78071925,24.32520355,,,,,,,,,,,,,,
1662,104,1.509153366,16.97900009,23.79000092,0.073973298,23.20000076,,25.62391514,,,,,1.449492128,16.82971904,24.39454526,,,,,,,,,,,,,,
1662,105,1.508846164,17.02000046,23.79000092,0.073973298,23.20000076,,25.6805624,,,,,1.44919707,16.87071941,24.44899714,,,,,,,,,,,,,,
1662,106,1.508490443,17.06500053,23.79000092,0.073973298,23.20000076,,25.74239022,,,,,1.448855412,16.91571948,24.50843173,,,,,,,,,,,,,,
1662,107,1.508009434,17.1060009,23.79000092,0.073973298,23.20000076,,25.79601073,,,,,1.448393418,16.95671985,24.56000143,,,,,,,,,,,,,,
1662,108,1.507265925,17.16699982,23.79000092,0.073973298,23.20000076,,25.87523387,,,,,1.447679303,17.01771877,24.63619925,,,,,,,,,,,,,,
1662,109,1.506800056,17.20299912,23.79000092,0.073973298,23.20000076,,25.92148002,,,,,1.447231851,17.05371806,24.68068395,,,,,,,,,,,,,,
1662,110,1.506388068,17.23200035,23.79000092,0.073973298,23.20000076,,25.95807972,,,,,1.44683615,17.0827193,24.71589583,,,,,,,,,,,,,,
1662,111,1.505763888,17.27499962,23.79000092,0.073973298,23.20000076,,26.0120706,,,,,1.446236646,17.12571857,24.76784178,,,,,,,,,,,,,,
1662,112,1.504493833,17.35099983,23.79000092,0.073973298,23.20000076,,26.10447224,,,,,1.445016799,17.20171878,24.85677262,,,,,,,,,,,,,,
1662,113,1.504099965,17.37400055,23.79000092,0.073973298,23.20000076,,26.13223362,,,,,1.444638503,17.2247195,24.88349298,,,,,,,,,,,,,,
1662,114,1.503700018,17.40099907,23.79000092,0.073973298,23.20000076,,26.16588261,,,,,1.444254366,17.25171802,24.91586908,,,,,,,,,,,,,,
1662,115,1.503378391,17.42700005,23.79000092,0.073973298,23.20000076,,26.19937529,,,,,1.443945455,17.277719,24.94808381,,,,,,,,,,,,,,
1662,116,1.503000021,17.45700073,23.79000092,0.073973298,23.20000076,,26.23787247,,,,,1.443582042,17.30771968,24.98511333,,,,,,,,,,,,,,
1662,117,1.502772331,17.4810009,23.79000092,0.073973298,23.20000076,,26.26996447,,,,,1.443363354,17.33171985,25.01596929,,,,,,,,,,,,,,
1662,118,1.502431274,17.50900078,23.79000092,0.073973298,23.20000076,,26.30607034,,,,,1.443035779,17.35971973,25.05069668,,,,,,,,,,,,,,
1662,119,1.50199604,17.54100037,23.79000092,0.073973298,23.20000076,,26.34651309,,,,,1.442617752,17.39171932,25.08960302,,,,,,,,,,,,,,
1662,120,1.501402974,17.57299995,23.79000092,0.073973298,23.20000076,,26.38415439,,,,,1.442048131,17.4237189,25.12584129,,,,,,,,,,,,,,
1662,121,1.500800014,17.60499954,23.79000092,0.073973298,23.20000076,,26.42158355,,,,,1.441469008,17.45571849,25.16187721,,,,,,,,,,,,,,
1662,122,1.500065446,17.64999962,23.79000092,0.073973298,23.20000076,,26.47615455,,,,,1.44076348,17.50071857,25.21439618,,,,,,,,,,,,,,
1662,123,1.499600053,17.6779995,23.79000092,0.073973298,23.20000076,,26.50992898,,,,,1.440316485,17.52871845,25.24690214,,,,,,,,,,,,,,
1662,124,1.499181867,17.70599937,23.79000092,0.073973298,23.20000076,,26.54451319,,,,,1.439914831,17.55671832,25.2801791,,,,,,,,,,,,,,
1662,125,1.498695135,17.73399925,23.79000092,0.073973298,23.20000076,,26.5778584,,,,,1.439447341,17.5847182,25.31227586,,,,,,,,,,,,,,
1662,126,1.498139501,17.76499939,23.79000092,0.073973298,23.20000076,,26.61444731,,,,,1.438913673,17.61571834,25.34749797,,,,,,,,,,,,,,
1662,127,1.497576118,17.79199982,23.79000092,0.073973298,23.20000076,,26.64487401,,,,,1.438372562,17.64271877,25.37680259,,,,,,,,,,,,,,
1662,128,1.496899962,17.82399941,23.79000092,0.073973298,23.20000076,,26.68074404,,,,,1.437723137,17.67471835,25.41135152,,,,,,,,,,,,,,
1662,129,1.496299982,17.85700035,23.79000092,0.073973298,23.20000076,,26.71942931,,,,,1.437146876,17.7077193,25.44859347,,,,,,,,,,,,,,
1662,130,1.495321631,17.90699959,23.79000092,0.073973298,23.20000076,,26.77672384,,,,,1.436207202,17.75771854,25.50376326,,,,,,,,,,,,,,
1662,131,1.494444609,17.95100021,23.79000092,0.073973298,23.20000076,,26.82677549,,,,,1.435364851,17.80171916,25.55196197,,,,,,,,,,,,,,
1662,132,1.493362069,17.99699974,23.79000092,0.073973298,23.20000076,,26.87603677,,,,,1.434325107,17.84771869,25.59943102,,,,,,,,,,,,,,
1662,133,1.492599964,18.02899933,23.79000092,0.073973298,23.20000076,,26.91008375,,,,,1.43359313,17.87971828,25.63224129,,,,,,,,,,,,,,
1662,134,1.491241455,18.08300018,23.79000092,0.073973298,23.20000076,,26.96611951,,,,,1.432288327,17.93371913,25.68625657,,,,,,,,,,,,,,
1662,135,1.48950088,18.14800072,23.79000092,0.073973298,23.20000076,,27.03146304,,,,,1.430616562,17.99871967,25.74926645,,,,,,,,,,,,,,
1662,136,1.487298131,18.21899986,23.79000092,0.073973298,23.20000076,,27.09708444,,,,,1.428500894,18.06971881,25.81260948,,,,,,,,,,,,,,
1662,137,1.485499978,18.27599907,23.79000092,0.073973298,23.20000076,,27.14899622,,,,,1.426773827,18.12671802,25.86272684,,,,,,,,,,,,,,
1662,138,1.480379462,18.43499947,23.79000092,0.073973298,23.20000076,,27.2907946,,,,,1.42185574,18.28571842,25.9996537,,,,,,,,,,,,,,
1662,139,1.478230357,18.48999977,23.79000092,0.073973298,23.20000076,,27.33247897,,,,,1.419791596,18.34071872,26.0399983,,,,,,,,,,,,,,
1662,140,1.475590229,18.55699921,23.79000092,0.073973298,23.20000076,,27.38252671,,,,,1.41725584,18.40771816,26.08844605,,,,,,,,,,,,,,
1662,141,1.472280383,18.62400055,23.79000092,0.073973298,23.20000076,,27.41975066,,,,,1.414076842,18.4747195,26.124673,,,,,,,,,,,,,,
1662,142,1.46944952,18.68099976,23.79000092,0.073973298,23.20000076,,27.45078613,,,,,1.411357891,18.53171871,26.15488743,,,,,,,,,,,,,,
1662,143,1.467377067,18.71800041,23.79000092,0.073973298,23.20000076,,27.46636454,,,,,1.409367367,18.56871936,26.17014712,,,,,,,,,,,,,,
1662,144,1.464383245,18.77099991,23.79000092,0.073973298,23.20000076,,27.48793775,,,,,1.4064919,18.62171886,26.19129673,,,,,,,,,,,,,,
1662,145,1.461069942,18.82900047,23.79000092,0.073973298,23.20000076,,27.51048662,,,,,1.403309581,18.67971942,26.21342924,,,,,,,,,,,,,,
1662,146,1.458480954,18.87100029,23.79000092,0.073973298,23.20000076,,27.52299451,,,,,1.400822944,18.72171924,26.22581387,,,,,,,,,,,,,,
1662,147,1.456377506,18.90500069,23.79000092,0.073973298,23.20000076,,27.53281776,,,,,1.398802652,18.75571964,26.23555037,,,,,,,,,,,,,,
1662,148,1.453628302,18.9449997,23.79000092,0.073973298,23.20000076,,27.53898773,,,,,1.396162131,18.79571864,26.2418706,,,,,,,,,,,,,,
1662,149,1.450186253,18.99500084,23.79000092,0.073973298,23.20000076,,27.54628908,,,,,1.392856157,18.84571979,26.24937683,,,,,,,,,,,,,,
1662,150,1.447356701,19.03499985,23.79000092,0.073973298,23.20000076,,27.55043458,,,,,1.390138465,18.8857188,26.25376414,,,,,,,,,,,,,,
1662,151,1.445471883,19.05999947,23.79000092,0.073973298,23.20000076,,27.55069331,,,,,1.38832816,18.91071842,26.25428289,,,,,,,,,,,,,,
1662,152,1.442952991,19.09300041,23.79000092,0.073973298,23.20000076,,27.55030204,,,,,1.385908846,18.94371936,26.25426825,,,,,,,,,,,,,,
1662,153,1.439835787,19.13100052,23.79000092,0.073973298,23.20000076,,27.54549918,,,,,1.382914875,18.98171947,26.2501022,,,,,,,,,,,,,,
1662,154,1.436871529,19.16699982,23.79000092,0.073973298,23.20000076,,27.54051633,,,,,1.380067802,19.01771877,26.24574135,,,,,,,,,,,,,,
1662,155,1.434426427,19.19400024,23.79000092,0.073973298,23.20000076,,27.53238119,,,,,1.377719363,19.04471919,26.23827839,,,,,,,,,,,,,,
1662,156,1.431437969,19.22699928,23.79000092,0.073973298,23.20000076,,27.52225681,,,,,1.374849047,19.07771823,26.22898274,,,,,,,,,,,,,,
1662,157,1.427728057,19.26499939,23.79000092,0.073973298,23.20000076,,27.50518015,,,,,1.371285799,19.11571834,26.21311309,,,,,,,,,,,,,,
1662,158,1.424800038,19.29500008,23.79000092,0.073973298,23.20000076,,27.49151685,,,,,1.368473533,19.14571903,26.20040976,,,,,,,,,,,,,,
1662,159,1.422888041,19.31800079,23.79000092,0.073973298,23.20000076,,27.48735229,,,,,1.366637122,19.16871974,26.19668399,,,,,,,,,,,,,,
1662,160,1.420470595,19.34499931,23.79000092,0.073973298,23.20000076,,27.47900269,,,,,1.364315246,19.19571826,26.18901108,,,,,,,,,,,,,,
1662,161,1.417618632,19.37599945,23.79000092,0.073973298,23.20000076,,27.46777784,,,,,1.361576029,19.2267184,26.1786389,,,,,,,,,,,,,,
1662,162,1.414775729,19.40399933,23.79000092,0.073973298,23.20000076,,27.4523073,,,,,1.358845514,19.25471828,26.16418757,,,,,,,,,,,,,,
1662,163,1.410046816,19.45000076,23.79000092,0.073973298,23.20000076,,27.42541165,,,,,1.354303549,19.30071971,26.1390332,,,,,,,,,,,,,,
1662,164,1.406430244,19.4829998,23.79000092,0.073973298,23.20000076,,27.40148017,,,,,1.350829951,19.33371875,26.11656635,,,,,,,,,,,,,,
1662,165,1.403527141,19.50799942,23.79000092,0.073973298,23.20000076,,27.38000664,,,,,1.348041615,19.35871837,26.09635798,,,,,,,,,,,,,,
1662,166,1.399084091,19.54599953,23.79000092,0.073973298,23.20000076,,27.34649698,,,,,1.343774213,19.39671848,26.0648101,,,,,,,,,,,,,,
1662,167,1.39491725,19.57999992,23.79000092,0.073973298,23.20000076,,27.31247964,,,,,1.339772099,19.43071887,26.032735,,,,,,,,,,,,,,
1662,168,1.392099977,19.60300064,23.79000092,0.073973298,23.20000076,,27.28933673,,,,,1.3370662,19.45371959,26.01091094,,,,,,,,,,,,,,
1662,169,1.387376905,19.6420002,23.79000092,0.073973298,23.20000076,,27.25085743,,,,,1.332529845,19.49271915,25.97463003,,,,,,,,,,,,,,
1662,170,1.383656263,19.67000008,23.79000092,0.073973298,23.20000076,,27.21651881,,,,,1.328956292,19.52071903,25.94218237,,,,,,,,,,,,,,
1662,171,1.378715634,19.70700073,23.79000092,0.073973298,23.20000076,,27.17035001,,,,,1.32421098,19.55771968,25.89854715,,,,,,,,,,,,,,
1662,172,1.370327473,19.76600075,23.79000092,0.073973298,23.20000076,,27.08589385,,,,,1.316154427,19.6167197,25.81863248,,,,,,,,,,,,,,
1662,173,1.365499973,19.79999924,23.79000092,0.073973298,23.20000076,,27.03689843,,,,,1.311517773,19.65071819,25.77226615,,,,,,,,,,,,,,
1662,174,1.362074733,19.82299995,23.79000092,0.073973298,23.20000076,,27.00040737,,,,,1.308227942,19.6737189,25.7377088,,,,,,,,,,,,,,
1662,175,1.356868863,19.8579998,23.79000092,0.073973298,23.20000076,,26.94470161,,,,,1.303227876,19.70871875,25.68495167,,,,,,,,,,,,,,
1662,176,1.350909472,19.89599991,23.79000092,0.073973298,23.20000076,,26.87769472,,,,,1.297504076,19.74671886,25.62144821,,,,,,,,,,,,,,
1662,177,1.346055031,19.92700005,23.79000092,0.073973298,23.20000076,,26.82283866,,,,,1.292841546,19.777719,25.5694568,,,,,,,,,,,,,,
1662,178,1.34014082,19.96299934,23.79000092,0.073973298,23.20000076,,26.7532303,,,,,1.287161141,19.81371829,25.50344824,,,,,,,,,,,,,,
1662,179,1.335383296,19.99200058,23.79000092,0.073973298,23.20000076,,26.69698363,,,,,1.282591696,19.84271953,25.45010729,,,,,,,,,,,,,,
1662,180,1.329150677,20.02799988,23.79000092,0.073973298,23.20000076,,26.62022959,,,,,1.27660547,19.87871883,25.3772812,,,,,,,,,,,,,,
1662,181,1.324483156,20.05500031,23.79000092,0.073973298,23.20000076,,26.5625101,,,,,1.27212247,19.90571925,25.32251275,,,,,,,,,,,,,,
1662,182,1.317838669,20.0909996,23.79000092,0.073973298,23.20000076,,26.47669617,,,,,1.265740659,19.94171855,25.24104398,,,,,,,,,,,,,,
1662,183,1.313585162,20.11400032,23.79000092,0.073973298,23.20000076,,26.42145237,,,,,1.261655306,19.96471927,25.188594,,,,,,,,,,,,,,
1662,184,1.306712866,20.14999962,23.79000092,0.073973298,23.20000076,,26.33026375,,,,,1.255054692,20.00071857,25.10199567,,,,,,,,,,,,,,
1662,185,1.301750898,20.17499924,23.79000092,0.073973298,23.20000076,,26.26282338,,,,,1.250288885,20.02571819,25.03793287,,,,,,,,,,,,,,
1662,186,1.296760798,20.20000076,23.79000092,0.073973298,23.20000076,,26.1945691,,,,,1.245496058,20.05071971,24.97309235,,,,,,,,,,,,,,
1662,187,1.289927363,20.2329998,23.79000092,0.073973298,23.20000076,,26.09910009,,,,,1.238932769,20.08371875,24.88237729,,,,,,,,,,,,,,
1662,188,1.285170555,20.25600052,23.79000092,0.073973298,23.20000076,,26.03241543,,,,,1.234364011,20.10671947,24.8190109,,,,,,,,,,,,,,
1662,189,1.279299974,20.2840004,23.79000092,0.073973298,23.20000076,,25.94932119,,,,,1.228725512,20.13471935,24.74004333,,,,,,,,,,,,,,
1662,190,1.273207903,20.31299973,23.79000092,0.073973298,23.20000076,,25.86267178,,,,,1.222874278,20.16371867,24.65769291,,,,,,,,,,,,,,
1662,191,1.268383145,20.33600044,23.79000092,0.073973298,23.20000076,,25.7938402,,,,,1.218240257,20.18671939,24.59227422,,,,,,,,,,,,,,
1662,192,1.260782123,20.37000084,23.79000092,0.073973298,23.20000076,,25.6821329,,,,,1.210939725,20.22071979,24.48607285,,,,,,,,,,,,,,
1662,193,1.254757404,20.39699936,23.79000092,0.073973298,23.20000076,,25.59328597,,,,,1.205153181,20.24771831,24.40160213,,,,,,,,,,,,,,
1662,194,1.245855689,20.43499947,23.79000092,0.073973298,23.20000076,,25.45906034,,,,,1.196603377,20.28571842,24.27395915,,,,,,,,,,,,,,
1662,195,1.240477681,20.45800018,23.79000092,0.073973298,23.20000076,,25.37769263,,,,,1.191437977,20.30871913,24.19657924,,,,,,,,,,,,,,
1662,196,1.232186437,20.49099922,23.79000092,0.073973298,23.20000076,,25.24873132,,,,,1.18347451,20.34171817,24.07390494,,,,,,,,,,,,,,
1662,197,1.222159147,20.53100014,23.79000092,0.073973298,23.20000076,,25.09214962,,,,,1.173843628,20.38171909,23.92495108,,,,,,,,,,,,,,
1662,198,1.210825563,20.57299995,23.79000092,0.073973298,23.20000076,,24.91031424,,,,,1.162958093,20.4237189,23.75192919,,,,,,,,,,,,,,
1662,199,1.197837234,20.61899948,23.79000092,0.073973298,23.20000076,,24.6982053,,,,,1.150483231,20.46971843,23.55006779,,,,,,,,,,,,,,
1662,200,1.180925131,20.6779995,23.79000092,0.073973298,23.20000076,,24.41916926,,,,,1.134239713,20.52871845,23.28448772,,,,,,,,,,,,,,
1662,201,1.15925312,20.75099945,23.79000092,0.073973298,23.20000076,,24.05566086,,,,,1.11342446,20.6017184,22.93845719,,,,,,,,,,,,,,
1662,202,1.140625358,20.81200028,23.79000092,0.073973298,23.20000076,,23.73869526,,,,,1.095533107,20.66271922,22.636693,,,,,,,,,,,,,,
1662,203,1.127686381,20.85199928,23.79000092,0.073973298,23.20000076,,23.51451561,,,,,1.083105647,20.70271823,22.42323102,,,,,,,,,,,,,,
1662,204,1.110505819,20.90399933,23.79000092,0.073973298,23.20000076,,23.2140129,,,,,1.066604282,20.75471828,22.1370714,,,,,,,,,,,,,,
1662,205,1.090260029,20.96299934,23.79000092,0.073973298,23.20000076,,22.85512027,,,,,1.047158867,20.81371829,21.79526967,,,,,,,,,,,,,,
1662,206,1.071990132,21.01499939,23.79000092,0.073973298,23.20000076,,22.52787198,,,,,1.029611233,20.86571834,21.48357799,,,,,,,,,,,,,,
1662,207,1.058598042,21.0510006,23.79000092,0.073973298,23.20000076,,22.284548,,,,,1.016748571,20.90171954,21.25179347,,,,,,,,,,,,,,
1662,208,1.041935086,21.09499931,23.79000092,0.073973298,23.20000076,,21.97961993,,,,,1.000744351,20.94571826,20.96130922,,,,,,,,,,,,,,
1662,209,1.021173596,21.14699936,23.79000092,0.073973298,23.20000076,,21.59475739,,,,,0.980803623,20.99771831,20.59463819,,,,,,,,,,,,,,
1662,210,1.00205946,21.1949997,23.79000092,0.073973298,23.20000076,,21.23864994,,,,,0.962445124,21.04571864,20.25534929,,,,,,,,,,,,,,
1662,211,0.98826319,21.22699928,23.79000092,0.073973298,23.20000076,,20.97786202,,,,,0.949194261,21.07771823,20.00684918,,,,,,,,,,,,,,
1662,212,0.973210871,21.26199913,23.79000092,0.073973298,23.20000076,,20.6924087,,,,,0.934737004,21.11271808,19.73483885,,,,,,,,,,,,,,
1662,213,0.952572823,21.30800057,23.79000092,0.073973298,23.20000076,,20.29742224,,,,,0.914914838,21.15871951,19.35842644,,,,,,,,,,,,,,
1662,214,0.932900012,21.35199928,23.79000092,0.073973298,23.20000076,,19.91928038,,,,,0.896019751,21.20271823,18.9980543,,,,,,,,,,,,,,
1662,215,0.918979943,21.38199997,23.79000092,0.073973298,23.20000076,,19.64962911,,,,,0.882649983,21.23271892,18.74105899,,,,,,,,,,,,,,
1662,216,0.903704226,21.41500092,23.79000092,0.073973298,23.20000076,,19.35282683,,,,,0.86797816,21.26571987,18.45818039,,,,,,,,,,,,,,
1662,217,0.882341683,21.45899963,23.79000092,0.073973298,23.20000076,,18.93416985,,,,,0.84746014,21.30971858,18.0591371,,,,,,,,,,,,,,
1662,218,0.862982214,21.49900055,23.79000092,0.073973298,23.20000076,,18.55325508,,,,,0.828866007,21.3497195,17.69605676,,,,,,,,,,,,,,
1662,219,0.847807646,21.52899933,23.79000092,0.073973298,23.20000076,,18.25245024,,,,,0.814291335,21.37971828,17.40931933,,,,,,,,,,,,,,
1662,220,0.834179461,21.55599976,23.79000092,0.073973298,23.20000076,,17.98157226,,,,,0.801201912,21.40671871,17.15110395,,,,,,,,,,,,,,
1662,221,0.812288582,21.59799957,23.79000092,0.073973298,23.20000076,,17.54380845,,,,,0.780176443,21.44871852,16.73378493,,,,,,,,,,,,,,
1662,222,0.793893218,21.63299942,23.79000092,0.073973298,23.20000076,,17.17429152,,,,,0.762508301,21.48371837,16.3815136,,,,,,,,,,,,,,
1662,223,0.780335307,21.65800095,23.79000092,0.073973298,23.20000076,,16.90050282,,,,,0.749486374,21.5087199,16.12049249,,,,,,,,,,,,,,
1662,224,0.763513625,21.68799973,23.79000092,0.073973298,23.20000076,,16.55908328,,,,,0.733329702,21.53871867,15.79498215,,,,,,,,,,,,,,
1662,225,0.742338717,21.72500038,23.79000092,0.073973298,23.20000076,,16.12730891,,,,,0.7129919,21.57571933,15.38331313,,,,,,,,,,,,,,
1662,226,0.72246784,21.75900078,23.79000092,0.073973298,23.20000076,,15.72017829,,,,,0.693906577,21.60971973,14.99512664,,,,,,,,,,,,,,
1662,227,0.694044232,21.80699921,23.79000092,0.073973298,23.20000076,,15.13502203,,,,,0.666606638,21.65771816,14.43717868,,,,,,,,,,,,,,
1662,228,0.673646212,21.8409996,23.79000092,0.073973298,23.20000076,,14.71310664,,,,,0.64701501,21.69171855,14.0348675,,,,,,,,,,,,,,
1662,229,0.654423237,21.87199974,23.79000092,0.073973298,23.20000076,,14.31354487,,,,,0.628551976,21.72271869,13.65385775,,,,,,,,,,,,,,
1662,230,0.624719858,21.92000008,23.79000092,0.073973298,23.20000076,,13.69385934,,,,,0.600022858,21.77071903,13.06292906,,,,,,,,,,,,,,
1662,231,0.602826834,21.95400047,23.79000092,0.073973298,23.20000076,,13.23446059,,,,,0.578995329,21.80471942,12.6248307,,,,,,,,,,,,,,
1662,232,0.583609641,21.9829998,23.79000092,0.073973298,23.20000076,,12.82949061,,,,,0.560537848,21.83371875,12.23862572,,,,,,,,,,,,,,
1662,233,0.554203272,22.02700043,23.79000092,0.073973298,23.20000076,,12.20743571,,,,,0.532293999,21.87771938,11.64537873,,,,,,,,,,,,,,
1662,234,0.532229781,22.05900002,23.79000092,0.073973298,23.20000076,,11.74045675,,,,,0.511189184,21.90971896,11.20001136,,,,,,,,,,,,,,
1662,235,0.515100002,22.08399963,23.79000092,0.073973298,23.20000076,,11.37546826,,,,,0.494736595,21.93471858,10.85190799,,,,,,,,,,,,,,
1662,236,0.485590696,22.12599945,23.79000092,0.073973298,23.20000076,,10.74417948,,,,,0.466393878,21.9767184,10.24980693,,,,,,,,,,,,,,
1662,237,0.461648613,22.1590004,23.79000092,0.073973298,23.20000076,,10.2296718,,,,,0.443398296,22.00971935,9.75907205,,,,,,,,,,,,,,
1662,238,0.444999993,22.18199921,23.79000092,0.073973298,23.20000076,,9.870989487,,,,,0.427407844,22.03271816,9.416956565,,,,,,,,,,,,,,
1662,239,0.415092856,22.22200012,23.79000092,0.073973298,23.20000076,,9.22419349,,,,,0.398683023,22.07271907,8.800018373,,,,,,,,,,,,,,
1662,240,0.394800961,22.24900055,23.79000092,0.073973298,23.20000076,,8.783926798,,,,,0.379193326,22.0997195,8.380066151,,,,,,,,,,,,,,
1662,241,0.375000596,22.27499962,23.79000092,0.073973298,23.20000076,,8.353138133,,,,,0.360175728,22.12571857,7.969146786,,,,,,,,,,,,,,
1662,242,0.346848518,22.31200028,23.79000092,0.073973298,23.20000076,,7.738884222,,,,,0.333136583,22.16271922,7.383212558,,,,,,,,,,,,,,
1662,243,0.32503742,22.34000015,23.79000092,0.073973298,23.20000076,,7.261336008,,,,,0.312187742,22.1907191,6.927670484,,,,,,,,,,,,,,
1662,244,0.304939836,22.36499977,23.79000092,0.073973298,23.20000076,,6.819979369,,,,,0.292884674,22.21571872,6.506643543,,,,,,,,,,,,,,
1662,245,0.276824653,22.39999962,23.79000092,0.073973298,23.20000076,,6.200872124,,,,,0.265880966,22.25071857,5.916042557,,,,,,,,,,,,,,
1662,246,0.251731843,22.43000031,23.79000092,0.073973298,23.20000076,,5.646345311,,,,,0.241780148,22.28071925,5.387035603,,,,,,,,,,,,,,
1662,247,0.224199995,22.46299934,23.79000092,0.073973298,23.20000076,,5.03620435,,,,,0.215336715,22.31371829,4.804962798,,,,,,,,,,,,,,
1662,248,0.186843574,22.50699997,23.79000092,0.073973298,23.20000076,,4.205288314,,,,,0.179457102,22.35771892,4.012251446,,,,,,,,,,,,,,
1662,249,0.167146489,22.53000069,23.79000092,0.073973298,23.20000076,,3.765810512,,,,,0.1605387,22.38071964,3.592971643,,,,,,,,,,,,,,
1662,250,0.139159113,22.56200028,23.79000092,0.073973298,23.20000076,,3.13970795,,,,,0.133657747,22.41271922,2.99563356,,,,,,,,,,,,,,
1662,251,0.113552719,22.5909996,23.79000092,0.073973298,23.20000076,,2.565269439,,,,,0.109063649,22.44171855,2.447575713,,,,,,,,,,,,,,
1662,252,0.060477413,22.64999962,23.79000092,0.073973298,23.20000076,,1.369813386,,,,,0.058086565,22.50071857,1.306989441,,,,,,,,,,,,,,
1662,253,0.0139,22.70199966,23.79000092,0.073973298,23.20000076,,0.315557789,,,,,0.013350492,22.55271861,0.301089892,,,,,,,,,,,,,,
1624,NAN,0,22.72015739,NAN,NAN,NAN,,0,,,,,0,22.57087634,0,,,,,,,,,,,,,,
